genre,valence,energy,tempo,danceability,acousticness,instrumentalness,loudness,emotion
Pop,0.624507122951685,0.6334082838594579,127.71532807151038,0.8323029856408026,0.16487699379149962,0.008293152152540973,-2.341574368985217,Happy / Excited
Pop,0.6651152093729363,0.5936630736878058,126.13840065378947,0.6336582307187538,0.13014053696446148,0.03209811357830171,-9.326560489315597,Happy / Excited
Pop,0.2912623251230451,0.5825254964910833,102.80753319498365,0.7114247332595275,0.06379638867181839,0.0,-2.568702462156892,Angry / Intense
Pop,0.5161335549270197,0.6581033845625509,96.62877720679815,0.6255617275474817,0.21663838845647992,0.0,-4.748603963308656,Happy / Excited
Pop,0.4599041965121793,0.6149967500248068,108.97440081655904,0.8652278184508938,0.19797541628930992,0.0,-3.8549101757936217,Angry / Intense
Pop,0.3668734525043467,0.6750636314005707,88.60494814180336,0.547181395110157,0.22952918538036854,0.056923328999770526,-5.157263437620059,Angry / Intense
Pop,0.532652757641764,0.6138675565292854,95.82217014448858,0.6080155791605292,0.1309041843560319,0.07285611131094578,-4.812763420863077,Happy / Excited
Pop,0.28554397669558995,0.6888900763273754,112.22376579375525,0.6123077999694042,0.2917514433261302,0.07154997612479755,-3.637439761767603,Angry / Intense
Pop,0.4241173715166043,0.6128945148978543,122.96895147105346,0.777554512712236,0.12812386432320652,0.010717051166809145,-7.712669948012056,Angry / Intense
Pop,0.37056900638789947,0.7475030986873038,138.34360042856235,0.6727989878419667,0.35052993468380367,0.03808180125238171,-6.790239509210249,Angry / Intense
Pop,0.6042093408262621,0.8345643879759164,117.46260941335073,0.8364643655814007,0.0,0.06109512521876119,-5.325905863523658,Happy / Excited
Pop,0.5051488974301199,0.6610112931842603,88.18646628098661,0.6580328112162489,0.25356688572676195,0.09389470223707581,-6.536540436547295,Happy / Excited
Pop,0.4287259595660219,0.5897891547698556,131.7310317655311,0.7128751109659685,0.1205359694349442,0.045663371655667806,-5.305844901303919,Angry / Intense
Pop,0.6952967485799334,0.5657536287347178,113.08506780103347,0.6407891846867843,0.0,0.034806013853228804,-4.977889455640222,Happy / Excited
Pop,0.5507670184963692,0.6218495439949824,96.76943886924379,0.6379354677234641,0.1485928225209846,0.0,-5.822571423332018,Happy / Excited
Pop,0.6106076285221808,0.8763423081452637,120.61866719247759,0.7057550390722764,0.18883311263507493,0.0,-5.553027750898433,Happy / Excited
Pop,0.559034531491154,0.9455890534982343,115.11458552828316,0.7101547342333613,0.19479323454421352,0.0,-3.214354370969959,Happy / Excited
Pop,0.6627899549030162,0.7449238336451657,104.35918817807891,0.82027943109361,0.0,0.04934285469001352,-1.119088748380043,Happy / Excited
Pop,0.4014195512303968,0.5820442724476674,119.49477047631461,0.6296524345883802,0.0,0.023428148740301368,-7.62460742745221,Angry / Intense
Pop,0.6210388645952772,0.5396690918919437,141.24901607526309,0.6016746707663764,0.15169077256914867,0.06067586086848349,-7.96172863286791,Happy / Excited
Pop,0.5841189901906194,0.8068571305138914,93.88775148158159,0.6984633858532304,0.23898241913726354,0.059091143588865525,-7.973901421756164,Happy / Excited
Pop,0.3519315080373586,0.7126329878740277,122.45477009849779,0.7050492850345877,0.25196723142454636,0.0,-5.035492605677993,Angry / Intense
Pop,0.5939608709948022,0.5642778298368358,145.98661766717134,0.7273832920911788,0.02130447541960273,0.05282768043169149,-7.449363340454643,Happy / Excited
Pop,0.6680626905613678,0.7890314694808885,105.68976522472434,0.7763376129244323,0.26191713904047476,0.0611030079997245,-1.7064140346921053,Happy / Excited
Pop,0.5131917825995694,0.5595516602771012,104.65728355561716,0.5984189715034562,0.18843474358788437,0.0370575987408322,-4.946618401339962,Happy / Excited
Pop,0.6740774873554036,0.6515602270253489,139.80301115735975,0.6535343166762044,0.6080253749884428,0.05128336738825032,-7.2143151128325655,Happy / Excited
Pop,0.3893661252908332,0.7078966898291823,114.64805822011223,0.7514000494092092,0.27098564368603173,0.01635855436715636,-7.19358743613681,Angry / Intense
Pop,0.32277291629712035,0.5964182057519575,130.84598191485208,0.7014093744130204,0.013139183193201814,0.028659046292559102,-4.729365240542326,Angry / Intense
Pop,0.41742138456983013,0.6684470127134634,118.87313077669,0.5657029702169377,0.2536681040522425,0.04803922631841172,-3.333897513649446,Angry / Intense
Pop,0.7080703078052355,0.4846796758451491,103.93262440127316,0.731503526720866,0.27706789263683135,0.0457523843153024,0.0,Content / Peaceful
Pop,0.6356335766039751,0.7862678768216719,132.31002645239803,0.7451391251305799,0.15270961330394817,0.057948461024663375,-7.045650429075144,Happy / Excited
Pop,0.5144772089889987,0.5917563742605076,119.22811209079484,0.9114658566673509,0.0,0.05431300951872567,-8.725431742379303,Happy / Excited
Pop,0.47921022013158504,0.7806740716360839,118.96420028643195,0.5722255222070695,0.09270444361100479,0.05397988744673379,-6.960733263434273,Angry / Intense
Pop,0.5824687884372963,0.6554686207884577,108.22599478591275,0.8943944089325326,0.2950878533477017,0.0,-5.1270913704611445,Happy / Excited
Pop,0.45073203028474185,0.7522920001755469,106.11218892350949,0.6685263558533101,0.2757480918470686,0.06328775970850607,-7.900592814111553,Angry / Intense
Pop,0.4998248146238578,0.5930065626606853,108.20006151139432,0.8565454240281097,0.26074725664414333,0.0,-3.6642761058904476,Angry / Intense
Pop,0.868323429551895,0.7738958312661377,95.2094505106898,0.631576592713375,0.39003667237799344,0.0,-4.612361143707544,Happy / Excited
Pop,0.6661951080144005,0.5387683434106301,117.10711965907299,0.35587326599309277,0.04634185379985653,0.007371592430341984,-7.995566363929699,Happy / Excited
Pop,0.7948616955897453,0.4783830346447241,111.39933269954524,0.6930740577286092,0.4161909933599173,0.0,-3.173672495690081,Content / Peaceful
Pop,0.5515349591529382,0.5322189618742459,124.93155211394907,0.6999059695573471,0.10996746842618081,0.023490104249500945,-6.27062719372352,Happy / Excited
Pop,0.5670276017876873,0.7294556809425257,141.7902522421803,0.5562184501173151,0.5199550061984399,0.0,-5.8035701900711665,Happy / Excited
Pop,0.6382475809726865,0.683719024128204,108.65950720269109,0.6591877749642725,0.12604985980117508,0.0,-3.800795805957951,Happy / Excited
Pop,0.6035523228947571,0.5668508485687215,131.49399813149876,0.710729952087661,0.321929317825844,0.05148144209618061,-7.157990021844144,Happy / Excited
Pop,0.46597284397045463,0.7396752326147914,127.15555398150197,0.6779098406035853,0.2175991074963173,0.08388324478942125,-6.68314277767166,Angry / Intense
Pop,0.6320646071755057,0.6257368817079327,114.7347819515917,0.789877685198719,0.3238124523482045,0.06067548180003193,-2.889042385691342,Happy / Excited
Pop,0.5531505762449139,0.7318343565553957,113.34599865109816,0.7124166352488442,0.18047854184484732,0.02484979824963591,-4.309685949126173,Happy / Excited
Pop,0.42726689751497915,0.9010864730822552,102.90973927750447,0.5585811387212268,0.3737166310250102,0.0595831346981468,-4.25176036589569,Angry / Intense
Pop,0.6442518263896421,0.6485303872583703,104.54118442771252,0.6875804558193727,0.09842574327318326,0.06875598667088756,-5.794114763004277,Happy / Excited
Pop,0.42617542048112333,0.6114336990016408,124.19397181413436,0.6236275447196026,0.0766669406650353,0.032184360574595616,-5.0100668577825545,Angry / Intense
Pop,0.47395852369433056,0.5934754033258013,121.48074906036454,0.5351915658502676,0.0,0.0,-5.926894303423694,Angry / Intense
Pop,0.5966361348397007,0.8270427460339462,130.8648943480303,0.6640061470036573,0.1971475688145967,0.0,-5.53702627198478,Happy / Excited
Pop,0.5067012041619793,0.6887262272405708,105.59153584671516,0.7319346514241173,0.4299108369503867,0.01456199257715712,-4.6965765558021175,Happy / Excited
Pop,0.6535215987566669,0.6018535433736997,121.36138722715626,0.6812592400781795,0.21465141478232477,0.0,-5.450979651482115,Happy / Excited
Pop,0.6246997436868175,0.8241372329354051,132.38906239127812,0.8953182457511557,0.08489786556679259,0.06361603183603391,-5.133315988523297,Happy / Excited
Pop,0.8784704399826508,0.5530042057573819,105.40417236728835,0.6200607354555978,0.0,0.0,-7.018265323107396,Happy / Excited
Pop,0.5725590679714312,0.6910107170932591,146.1425625882383,0.7750423838186051,0.11346445165063955,0.0,-4.516161656986989,Happy / Excited
Pop,0.3519650189469037,0.8697750519025225,135.6916018108193,0.6330824347895295,0.0,0.08769361870827065,-5.729079690505236,Angry / Intense
Pop,0.7356724467960193,0.45866868094467594,109.0093746556934,0.6805243699718183,0.2070470890647113,0.0,-4.2543001353050025,Content / Peaceful
Pop,0.3898569355926109,0.6329144617974448,119.80443447567848,0.731443883405875,0.3067422317133335,0.0,-8.568228341471244,Angry / Intense
Pop,0.7416515232847765,0.689877681437551,106.7727019516517,0.8351151975522524,0.2173511951439288,0.07896485920319132,-5.364963037179782,Happy / Excited
Pop,0.8591121887322981,0.8606409010931846,114.2655377728139,0.7771570950954356,0.2968063924377721,0.08843157787661744,-7.429846921160209,Happy / Excited
Pop,0.652907718999766,0.7770109384219506,91.61890770365329,0.5616741487334225,0.0,0.0065296582777721116,-4.064915488408076,Happy / Excited
Pop,0.7753535578144042,0.6588913736503731,142.42923318356938,0.5419898541785109,0.0,0.01722261505516906,-4.731869102121386,Happy / Excited
Pop,0.5450957877858861,0.40190694799521487,116.66319940730817,0.5495530499495147,0.3004508823245058,0.038329912304842416,-7.37975957265471,Content / Peaceful
Pop,0.472919962399496,0.5228943773733259,117.05981354090243,0.7755142320501238,0.05214109304966846,0.04520232577589223,-6.560515236744882,Angry / Intense
Pop,0.4310690751606484,0.6371563568054531,102.4713651637094,0.6246350694652818,0.020318316111672757,0.11823625664581948,-5.429472896056542,Angry / Intense
Pop,0.4450411738011122,0.6756775892881066,116.31507925463755,0.6579030400466778,0.2921250050065138,0.05787538550236526,-6.561002295221055,Angry / Intense
Pop,0.46362726390329806,0.6169937963418027,83.47118252896622,0.5284808937801448,0.40503114011667873,0.1022483856750642,-5.998072079112757,Angry / Intense
Pop,0.636483544458365,0.6873500185452244,164.18321212682855,0.7919574911434577,0.18081236127788503,0.0,-8.712892640515145,Happy / Excited
Pop,0.5805195453800835,0.5592379105658836,96.66619435603488,0.6153427115757474,0.037767799457840784,0.10435708175362825,-3.736720486101099,Happy / Excited
Pop,0.5488041038025074,0.8275932966668031,119.16052461471428,0.5938715798671736,0.4284686115904486,0.046945502184232935,-7.574492308652912,Happy / Excited
Pop,0.5214491982874588,0.5449258095938292,97.25800403553495,0.7726177547531642,0.48641249607051956,0.0,-4.374061526618858,Happy / Excited
Pop,0.452403614631726,0.5915449539482365,109.11409113641696,0.5936009230320185,0.20727824419172405,0.0,-4.959086348440322,Angry / Intense
Pop,0.5424642835826295,0.6213262343760309,104.38654506937603,0.6223228669431667,0.3133086838738634,0.045045859381219036,-7.455110489597102,Happy / Excited
Pop,0.5648998458143839,0.7401664548046147,92.95892078317942,0.7343360192379935,0.10060643615812301,0.04852993342965797,-7.026518313085034,Happy / Excited
Pop,0.2792676849003222,0.4546949074540205,118.72127419992073,0.7059722501721483,0.06435250623433872,0.0519296229388687,-8.82304012453792,Sad / Dark
Pop,0.5400880302029025,0.5046780560285052,108.22245838296762,0.6847398671316415,0.07093799520740715,0.00077222278850873,-3.487414381571119,Happy / Excited
Pop,0.4634662195715277,0.7502830534478171,101.05439718013574,0.7329804177915283,0.41623529309868507,0.0,-7.093790510940954,Angry / Intense
Pop,0.6365608190770811,0.6256345536748409,123.56718810056964,0.619601481328418,0.212988468120935,0.012216138230396027,-3.1644358766803853,Happy / Excited
Pop,0.588163126495182,0.6905123194490242,111.821845508163,0.6312393775927507,0.13511627182705688,0.03972260711891484,-6.341968961640526,Happy / Excited
Pop,0.593466228534462,0.8990480958374527,131.06687055147538,0.647397646783216,0.38018208832459177,0.0,-9.576249070355708,Happy / Excited
Pop,0.3987870533623894,0.4255049694768973,112.72729773938038,0.6818418379189553,0.4514655968412924,0.03634636868820813,-5.938201057617729,Sad / Dark
Pop,0.6744108371775234,0.3846637629190538,121.53421837162848,0.7570865193886968,0.0,0.07718770216034646,-4.823007185011171,Content / Peaceful
Pop,0.48770681291487983,0.7259338239327542,152.06039286706593,0.6981866255058495,0.23723308794505044,0.0,-7.199688738929583,Angry / Intense
Pop,0.6745503724816369,0.547269940890936,119.07349355829089,0.6322342553234884,0.2718469738619588,0.03668310526434741,-3.4249201114842016,Happy / Excited
Pop,0.473497540171788,0.6176150077647955,103.3185442632654,0.6355706739923889,0.2565950739567278,0.057849430832267595,-7.344330648355251,Angry / Intense
Pop,0.680440888015849,0.8126765430565941,124.20152354835551,0.8676795812558067,0.08393162013446406,0.0,-9.057440497808557,Happy / Excited
Pop,0.7744066467233774,0.7285238787624869,117.16622993634317,0.707996862631982,0.03117664290524355,0.1422875989808413,-5.241557636049545,Happy / Excited
Pop,0.566409219190734,0.737091994867843,125.2151384760507,0.7023884024279132,0.08142883168320322,0.04357341785679979,-1.7359510070499327,Happy / Excited
Pop,0.7518130069232467,0.8411823951967277,110.33176485353222,0.581039517974142,0.1811319619850528,0.02278624561443473,-3.311616963058103,Happy / Excited
Pop,0.29613030554277714,0.8335460383352736,115.62988152131516,0.637311893005258,0.04818434371097488,0.0,-3.853658832076171,Angry / Intense
Pop,0.5609976950782606,0.49520469203107353,98.57381841904575,0.6464215300709872,0.45035322879340894,0.0070204324318197606,-8.506285906236212,Content / Peaceful
Pop,0.5131385403871084,0.6172731716302796,77.54670035587642,0.6745705133482188,0.16535982046869832,0.054810318240670924,-1.8020878101093096,Happy / Excited
Pop,0.7189847544321637,0.6177333571334204,101.40211136887494,0.9373359803249861,0.20888276510217324,0.02069646459564731,-5.548250174220007,Happy / Excited
Pop,0.5797127141151783,0.632676750569127,109.39506989679646,0.6253141058759608,0.19508700946760024,0.0,-6.925691565354329,Happy / Excited
Pop,0.5659645341537846,0.6194027339094974,140.55989482874034,0.4149030191606988,0.36372602778836927,0.08230425962488146,-9.646780464816299,Happy / Excited
Pop,0.49859686088794775,0.605427096080505,96.88732457923268,0.6022183312409125,0.033413623180125696,0.10761352217118114,-3.628643213705078,Angry / Intense
Pop,0.7407332642491239,0.7366006476851883,101.06422343174157,0.6275479733720227,0.2734061841841877,0.0,-4.074003139655224,Happy / Excited
Pop,0.5139511902762798,0.6050215030940483,128.66439952305237,0.724426331148604,0.14585507512713802,0.0779664901682124,-7.662126655199795,Happy / Excited
Pop,0.6423903410416396,0.7211721509562061,113.35680341029014,0.7126133022242118,0.012332963542204561,0.06620135096034506,-5.869804272885978,Happy / Excited
Pop,0.4715915469221441,0.7758811071004268,107.4348446418586,0.539153870363644,0.0,0.050300497567281985,-8.060858704992565,Angry / Intense
Pop,0.8132191272976548,0.40016847105395337,143.44684552435058,0.7011017467202619,0.18549303321944116,0.0,-4.701727771295858,Content / Peaceful
Pop,0.5443547946362728,0.7823962258419825,119.71341472993059,0.6950301761461878,0.14545816816792162,0.017152718813946626,-4.884396462215881,Happy / Excited
Pop,0.29347474110150623,0.48821774934731443,129.14896141034072,0.6970865438127942,0.17240249954709813,0.020921696653269657,-4.804836589276658,Sad / Dark
Pop,0.4690360479535958,0.5566034329517225,120.93767882646523,0.5821627222384969,0.2612379133571708,0.0,-3.4416887253487127,Angry / Intense
Pop,0.6208896223619564,0.6807235681176651,132.7403647591827,0.8465474444462577,0.3521555097527196,0.0,-8.059153933471404,Happy / Excited
Pop,0.4562772133456482,0.6531309260253001,125.76488530703685,0.6074256186846535,0.22801501467156177,0.0,-6.723035605983896,Angry / Intense
Pop,0.3390008354727667,0.5392120104666915,97.724730915755,0.5824126747022668,0.3580462694911759,0.0,-0.23523587032521842,Angry / Intense
Pop,0.6239976851321334,0.6721803348433849,105.1246332972818,0.7500309879408992,0.11365432606433393,0.026100490732268073,-0.37983092346241065,Happy / Excited
Pop,0.5355910150413026,0.7879127991542811,107.45235362311169,0.6765011509503038,0.4656200953453265,0.0,-1.8751028840061426,Happy / Excited
Pop,0.6561627903183214,0.5825039868926879,127.48611608583282,0.7772554449626731,0.2932714943325795,0.0,-6.954274351649737,Happy / Excited
Pop,0.5128722046672743,0.6410679885079945,127.31008146326018,0.6977701000933254,0.0,0.03900989255029816,-4.278828509432354,Happy / Excited
Pop,0.633968567189656,0.7796936870665546,130.50883231823357,0.7259180079228438,0.18947514328120296,0.0,-4.640763561734828,Happy / Excited
Pop,0.5811531530744667,0.6825894604634448,98.84877136269536,0.5718943459591738,0.3579729279999355,0.018022242307167247,-4.136998605254751,Happy / Excited
Pop,0.5542477564195692,0.6535707367394894,132.07425708963996,0.6283955271782626,0.2144181165411475,0.0,-6.368992454864631,Happy / Excited
Pop,0.5036241814797041,0.6766560525960456,110.81877067504784,0.8055756125573521,0.06580890466707442,0.010656417791932047,-6.37946211654835,Happy / Excited
Pop,0.76704668265306,0.6735865731813889,133.47766809202952,0.5314439626963028,0.24005753988038883,0.06448153978117185,-5.335432021449152,Happy / Excited
Pop,0.7098220562598028,0.5879253859879554,139.1402116027837,0.9098898123619251,0.14557421593405115,0.0,-2.593231045764598,Happy / Excited
Pop,0.7869358218596069,0.5872567967416078,111.69719774356214,0.6518215391139494,0.0,0.0,-7.508281533504135,Happy / Excited
Pop,0.4348303652343808,0.6458378135135863,121.5132209880478,0.8350500492814077,0.05024689388918138,0.06921611992382919,-5.927977688451018,Angry / Intense
Pop,0.5425804435521351,0.7309783390599924,101.15916967656553,0.7182409746184051,0.22496783123195843,0.04462256320040746,-4.9216627121843635,Happy / Excited
Pop,0.9182950209866342,0.5734712018898421,110.03504567497274,0.6176859473575236,0.11667843212596181,0.0,-3.1219669377848964,Happy / Excited
Pop,0.7630756371984783,0.5815104447500629,105.51466640343656,0.7271415556386405,0.11716654335785433,0.05164659088777554,-5.094153958297401,Happy / Excited
Pop,0.32263838275041523,0.8357006241596074,144.93816509643284,0.6187211309515614,0.14184476600960239,0.03429326953624525,-4.83108642002595,Angry / Intense
Pop,0.6487816409009246,0.891224544651962,115.34579158758926,0.6001702755461547,0.0,0.0,-5.566253945747595,Happy / Excited
Pop,0.8191836795276681,0.5878866441156595,121.35681927458347,0.6783577103927249,0.3782589910172126,0.1463466212936811,-6.561737545840641,Happy / Excited
Pop,0.47658408362226673,0.7752993052482886,128.22837234439467,0.8646707325736034,0.2875892277988946,0.002035395460647023,-4.318690338615381,Angry / Intense
Pop,0.7163055370874362,0.7484578617436837,125.60911046660947,0.7866674689589155,0.3753943385668509,0.08910794955187637,-4.202580224820714,Happy / Excited
Pop,0.5249322879524719,0.6676056423719987,136.09763449762536,0.5983064329012764,0.25530099633093517,0.0003330593836319666,-5.442510354130365,Happy / Excited
Pop,0.7417677793910948,0.6729318881623885,118.69654822234223,0.5440143859020081,0.3119380349040831,0.052274209057053767,-1.1734905533890796,Happy / Excited
Pop,0.5038332647570499,0.6762980393196727,121.74075525566133,0.8377453279763475,0.18570567014195719,0.033951076288516964,-4.284206980566921,Happy / Excited
Pop,0.5779913684734538,0.5964279662539367,120.91134989347461,0.7873631749859773,0.04602270508834097,0.026648483707343802,-6.900241629878346,Happy / Excited
Pop,0.7292569943387264,0.46721757142594705,109.61617229092617,0.7177211875064522,0.43482860438515103,0.01671248694635061,-6.610399053386397,Content / Peaceful
Pop,0.8321735604160885,0.4762383319500507,85.01791065069878,0.7240014450053333,0.12469186634710834,0.0,-4.083287105401293,Content / Peaceful
Pop,0.5865701070656799,0.5823105643115927,98.79543401993658,0.7672457328280146,0.29753017669379916,0.015041206811030855,-1.8067260079046683,Happy / Excited
Pop,0.38948728505107716,0.46693697948903135,107.62137895178134,0.6754413983644503,0.2365009173984038,0.007938197107183506,-4.795889206971406,Sad / Dark
Pop,0.3622690863714334,0.8232517524887911,116.76773232411146,0.7917295831588128,0.2514088019566556,0.0428376609576892,-4.360465439535592,Angry / Intense
Pop,0.6171562840025973,0.7271267311841053,137.93728795198646,0.6996521169701471,0.30635056363827684,0.015513215285638664,-2.6197655691010544,Happy / Excited
Pop,0.4485411546911096,0.8661128519492979,117.39763074033485,0.5369224897881952,0.2192156622366184,0.0,-3.818712902022552,Angry / Intense
Pop,0.4521064031046414,0.5964579880142264,89.65688903581703,0.6347693680750923,0.0,0.0,-3.979170687711405,Angry / Intense
Pop,0.6678700237976248,0.7010549074141957,103.4953578530618,0.6752288643858021,0.19945961913641475,0.0,-2.4932033964656988,Happy / Excited
Pop,0.6816043435863508,0.6234842991404403,118.40328758491796,0.7008382807947553,0.0,0.007641130873970153,-6.863968495995597,Happy / Excited
Pop,0.39975699851576274,0.6162679648536854,144.96529790274283,0.7440842861267011,0.11432315153258049,0.04862913906780793,-2.7012891268279957,Angry / Intense
Pop,0.6886950524369153,0.657155644390421,108.2959483344164,0.749822331361359,0.2590228078132625,0.06475966100138662,-4.229656396636061,Happy / Excited
Pop,0.7074329072979003,0.5857717746127319,137.76091098451488,0.69975996046924,0.5112891308937898,0.0,-2.0280723936695013,Happy / Excited
Pop,0.5796866175193972,0.5718298395662662,110.74171248918518,0.6479652691805681,0.2636248919602875,0.046141774401774985,-6.647400007877158,Happy / Excited
Pop,0.5463468111608526,0.9070724430334236,143.91314755151066,0.7236323669674033,0.20570052172523007,0.026001566335913065,-4.272964054539167,Happy / Excited
Pop,0.3965811152202392,0.6191148155091986,92.97123889183615,0.7199223122605279,0.29707939095541114,0.0,-2.3520264734199343,Angry / Intense
Pop,0.36613515054964885,0.4742750143748216,121.36677727839958,0.7847098302612155,0.4525891537186803,0.0,-3.3426383331374088,Sad / Dark
Pop,0.544223729574894,0.6292847240071017,131.2548990623001,0.745232287841342,0.0,0.0938270174862948,-2.739817291705097,Happy / Excited
Pop,0.45616559477357066,0.6974964240124891,125.41045279424108,0.7060673765823907,0.117454226923187,0.0,-5.5511081419828905,Angry / Intense
Pop,0.7259093528889047,0.7152320185513319,112.44078501870841,0.7571698710648345,0.0,0.07743828501860518,-8.9794275575562,Happy / Excited
Pop,0.4956338587895302,0.5156396126448628,98.57977786418641,0.796082678737852,0.12984481980321633,0.03732519408653579,-5.593841157758368,Angry / Intense
Pop,0.6215561240834683,0.6592186269272307,98.75511663717145,0.7796266819447141,0.12593651252580312,0.0,-6.356230321931825,Happy / Excited
Pop,0.7751139685951467,0.7520266090536192,112.7702179838821,0.6450742295681572,0.1517547423173926,0.12383739917804205,-4.736129095536893,Happy / Excited
Pop,0.6145062470786605,0.7736340144838211,121.5818373853977,0.6540957854179298,0.17054752263725326,0.016419937029296804,-5.574444473019684,Happy / Excited
Pop,0.659144431545547,0.6562335062968759,128.98960115823368,0.6719283419891419,0.2117952785474136,0.0,-3.6673446505950373,Happy / Excited
Pop,0.6019732713846989,0.7697612131831583,74.55616932709466,0.8888374704780728,0.17906155577672395,0.07540914083687583,-7.579811854251062,Happy / Excited
Pop,0.6419160857593855,0.5235901324191613,108.64346558956292,0.8714031353866787,0.17139763988549803,0.030871643658986144,-3.759864538622492,Happy / Excited
Pop,0.6243522831958908,0.6680502686172292,123.47441503699338,0.9203415585238276,0.1913571804449622,0.030054952335748376,-3.398691207984776,Happy / Excited
Pop,0.7158288899436976,0.7924436366672456,127.58095333043777,0.5656995087269516,0.4450147298451644,0.0,-4.894729069521934,Happy / Excited
Pop,0.4368586224970964,0.6423033984088409,122.9314361545522,0.7121357215450274,0.2632881131352927,0.10068556345293236,-4.59293139697204,Angry / Intense
Pop,0.5133765047064027,0.7656904601946029,135.8420573338696,0.5572392184863008,0.2896100104774787,0.055058637115544914,-6.095127006719984,Happy / Excited
Pop,0.7563560219967429,0.6319933295560968,119.88364680207313,0.6626928175716131,0.20233685713722013,0.0,-8.380101765188588,Happy / Excited
Pop,0.7891757594837459,0.5483646382018007,103.1291147581554,0.46466098863962857,0.10415573784657468,0.0,-2.215969679727262,Happy / Excited
Pop,0.7014725634013952,0.5674219585786732,151.78653708016463,0.7781765486991594,0.15127529247370664,0.0,-0.9181148548185165,Happy / Excited
Pop,0.34156412998546065,0.45255215036517304,133.3385564801446,0.9239752406339273,0.4076409227765777,0.04819545600261799,-4.310491316669428,Sad / Dark
Pop,0.6780123338170462,0.7410714307744118,122.21787135954064,0.6904201103951877,0.19061103081507164,0.0,-6.061350153733548,Happy / Excited
Pop,0.2960564778706922,0.6381992447846301,103.17113339273624,0.569641068278423,0.2269841226730218,0.08960011431722997,-3.6633667879953737,Angry / Intense
Pop,0.3144249094565235,0.5312446236115596,132.11156781982325,0.5817512606461691,0.16630502750044632,0.0475026049512276,-7.436688909727271,Angry / Intense
Pop,0.5658063259218941,0.4899169406098155,108.9794853407318,0.7119781934142537,0.0,0.042023736898019956,-5.539275597853362,Content / Peaceful
Pop,0.6328734931625722,0.6768696960877594,138.46210644960766,0.6925224502647908,0.13558916883121208,0.02611487515161419,-4.413403941927224,Happy / Excited
Pop,0.5573290105488556,0.6548710029444659,107.47012468289867,0.6137099082449052,0.0,0.10747883715934697,-7.987726470782571,Happy / Excited
Pop,0.44606422033061394,0.5637911281316963,131.4238656541666,0.6505050321707972,0.3871613109010601,0.0,-4.942011675552396,Angry / Intense
Pop,0.42469794201103644,0.9074178953328066,100.18602371455731,0.7109820710227028,0.29506653213981476,0.040689954872574916,-5.870575317755416,Angry / Intense
Pop,0.5305268950399861,0.6552573766374932,115.79496997557267,0.7763879116794911,0.5315784502387026,0.0,-8.239605959158155,Happy / Excited
Pop,0.5367576927473118,0.9595651205185183,105.94488148045404,0.8439116805444068,0.4516551221114661,0.0,-4.362033841629449,Happy / Excited
Pop,0.7942594934692807,0.6045046710815016,114.94629459846458,0.6218319086051357,0.04778649039607,0.0,-7.947880533524513,Happy / Excited
Pop,0.5551125202388839,0.5576032122729631,121.50678867686122,0.5244104353796373,0.24963203483216856,0.06167644808044624,-9.487471285142911,Happy / Excited
Pop,0.6061084854771359,0.797320279096795,99.85538471963191,0.8472572386837705,0.2628528514049068,0.0,-5.6115381553154124,Happy / Excited
Pop,0.6337490368782583,0.6591206469694894,126.08133988669553,0.5879326406920634,0.2254041236054117,0.0,-5.7224521226974,Happy / Excited
Pop,0.4144138537802816,0.561736406889228,136.54139762815657,0.7891310120594269,0.29137071813607657,0.0,-6.132816899389604,Angry / Intense
Pop,0.7319646549968776,0.6670060296367886,152.7899430997254,0.7193317839394372,0.22880736747350475,0.00454417678987493,-5.232918190435435,Happy / Excited
Pop,0.5271295245429185,0.7349730412026309,132.35053475191876,0.6014010539492051,0.00031505696633329916,0.0,-4.484017346174912,Happy / Excited
Pop,0.384495009073919,0.3916531288457021,123.82867906796446,0.9292999517432792,0.19908936326901602,0.06192453872258209,-5.33634128290487,Sad / Dark
Pop,0.5351665520213287,0.7602891779585322,113.64588183717024,0.7067392314071903,0.24825467092940207,0.0,-3.515915300926954,Happy / Excited
Pop,0.5237560364956888,0.5593105808608587,126.04764765355606,0.5901532018208964,0.20422717360536924,0.019544050167789824,-3.328208868336844,Happy / Excited
Pop,0.6212047349319929,0.6469967649505828,130.2664944880043,0.8190207549017314,0.2836715459527793,0.02051763099216903,-8.12367246470032,Happy / Excited
Pop,0.39023295053869417,0.6133730354774399,108.85731696761076,0.6613028697014555,0.20849748873456608,0.04648463771783654,-5.640997556118182,Angry / Intense
Pop,0.6229752465739303,0.6577369297772144,88.36800150469193,0.5860664606181246,0.17838686664175768,0.0,-4.300142540007591,Happy / Excited
Pop,0.7796126248515547,0.7962514222036781,114.79835693604689,0.8290726136849953,0.22230011858031673,0.0031457014440980334,-6.7268053270818795,Happy / Excited
Pop,0.5046295470267808,0.6034187817750526,120.55624333563232,0.6960573981049865,0.2004569030230122,0.041846908487317494,-3.1187074504273173,Happy / Excited
Pop,0.6924331203161986,0.4718122437860116,79.69118297647069,0.7734319911239275,0.0,0.008761729905365823,-7.8402260521187195,Content / Peaceful
Pop,0.2797029343629971,0.7149755273845746,129.3873274045397,0.6223489599273281,0.0,0.0,-4.716391989194907,Angry / Intense
Pop,0.32816326468388074,0.6720031903734986,117.77035226240507,0.7379291499601088,0.217937055262123,0.0,-3.1068569966710173,Angry / Intense
Pop,0.5262205640459545,0.6467234552588081,104.00098061390206,0.635671774880849,0.06727959289596488,0.01135269700382885,-2.076583039715313,Happy / Excited
Pop,0.3442148285602966,0.4563726322547911,140.06755491240412,0.6590676322848135,0.09963908920101253,0.07199523436980383,-6.711231079473729,Sad / Dark
Pop,0.8239014570320404,0.7313511045607123,110.68132887781447,0.8957308213265505,0.10914276154949926,0.057104768600465344,-4.901414839187016,Happy / Excited
Pop,0.7452611934098198,0.8373813436072224,118.4800622359865,0.6046582129653817,0.2689958214408675,0.0,-1.473225504946754,Happy / Excited
Pop,0.5704802996624107,0.606161413842547,120.77020458797362,0.5452873710470304,0.0542578942234023,0.08002069539722127,-6.813788557942791,Happy / Excited
Hip-Hop,0.3315560231172509,0.7843983303032743,116.34267478393394,0.824705797959856,0.23952572229669794,0.0,-7.8436213334836875,Angry / Intense
Hip-Hop,0.7902400573519877,0.6812784193389437,90.48500570380915,0.8795374727664153,0.1867476011280792,0.06191214404571253,-0.669995310197832,Happy / Excited
Hip-Hop,0.40416671853157426,0.8313408153697485,96.02623624814753,0.7841733050976931,0.3034162111695038,0.06554850294027367,-3.923407841900734,Angry / Intense
Hip-Hop,0.7130513207157644,0.6762056724548537,79.89422598789788,0.665967172538107,0.0,0.17393449909582256,-7.206416731443366,Happy / Excited
Hip-Hop,0.4801743477545611,0.6867824040133295,100.53332056056381,0.8334163491285367,0.22325681860316943,0.0,-5.334243427572823,Angry / Intense
Hip-Hop,0.570864391087894,0.6901570648579743,123.93222036835986,0.8041877456474427,0.20818533432597808,0.0764016888067189,-2.65305228502935,Happy / Excited
Hip-Hop,0.5525838805666673,0.5643801662452984,102.19438313154755,0.7013778795587354,0.05656599819002918,0.07104548131285654,-2.5234338571327286,Happy / Excited
Hip-Hop,0.5238288838124912,0.7570599615118756,125.63986900343428,0.7816677861539711,0.43220197370164737,0.0695856751942081,-8.521525518311636,Happy / Excited
Hip-Hop,0.6556014917988159,0.7657390061859333,118.21554957348943,0.8205863216142962,0.10338528192194714,0.0,-5.41804651457205,Happy / Excited
Hip-Hop,0.366906318242326,0.6503371860234333,105.59441127957098,0.9102914053916266,0.16736058357875772,0.0,-4.110794663559719,Angry / Intense
Hip-Hop,0.7353936675962172,0.6468260514816742,92.58769099988749,0.7613219375256277,0.0258122024301312,0.07537963036907014,-5.241896297215563,Happy / Excited
Hip-Hop,0.595515839903265,0.613500938663748,87.12575059417861,0.8250143222044994,0.07526002174898797,0.15088746958633836,-5.799272371229205,Happy / Excited
Hip-Hop,0.5604432506353395,0.8319108998247707,69.46941680720543,0.6015272069217301,0.0,0.11838088723990275,-6.1037162917848935,Happy / Excited
Hip-Hop,0.9804758714202855,0.6522902881611133,98.32192345754666,0.8987898957311088,0.3607311465790948,0.17430525036454786,-2.583267538813715,Happy / Excited
Hip-Hop,0.7043312546460633,0.791103233904142,109.01049937099948,0.710393285530432,0.02181613398932314,0.029763787981233355,-5.340369245049857,Happy / Excited
Hip-Hop,0.43841895112109047,0.8035664936948058,112.1954937542692,0.7679566197662663,0.2973036097266314,0.0,-5.387318918559436,Angry / Intense
Hip-Hop,0.3909719822914951,0.4960156059512328,93.51174765483141,0.7490427242455044,0.3016139691890557,0.07415681791883444,-7.04837364865841,Sad / Dark
Hip-Hop,0.8537366619401539,0.8665240434630423,105.47775866243508,0.7396164311035152,0.0048672915931824295,0.003945525675026287,-2.822502760591628,Happy / Excited
Hip-Hop,0.8592255350682296,0.9051892233926626,86.20071040784707,0.659234431003989,0.13690634962934448,0.0,-4.353664571630437,Happy / Excited
Hip-Hop,0.49343153446623966,0.6640756197758109,66.29534478919769,0.8062240095912745,0.05607589924057063,0.0,-10.744524426563299,Angry / Intense
Hip-Hop,0.5150473170908855,0.9326701916003692,124.90266586186166,0.7188613369072355,0.047734552756586335,0.06281419792525167,-6.996770878376583,Happy / Excited
Hip-Hop,0.5743225419675039,0.8119296334061628,117.08479802991754,0.7509861331168043,0.0955591499787641,0.0,-6.65376070807972,Happy / Excited
Hip-Hop,0.4792337994577252,0.7640838608179413,111.4445232721985,0.687713894438769,0.2991226282751426,0.011021347927020184,-5.042734588696872,Angry / Intense
Hip-Hop,0.38550189775339183,0.429091168767247,110.9128171344989,0.826315950738319,0.0862406931458144,0.034689350205741036,-3.968121564591801,Sad / Dark
Hip-Hop,0.23874174576042234,0.6565136787184446,109.29676423319289,0.6471139519147675,0.15522695185999552,0.0,-4.067140035132947,Angry / Intense
Hip-Hop,0.513584533186453,0.5261841820913389,115.96530838022909,0.6938867580881756,0.022769707558274274,0.044039843806166004,-2.7027253011425696,Happy / Excited
Hip-Hop,0.3371520725838886,0.7274015819817565,102.71869700595032,0.8223795046536829,0.14117298663326702,0.004308051264167435,-6.655180441297439,Angry / Intense
Hip-Hop,0.5355058989483474,0.5913433185617272,60.0,0.7992903823741901,0.22847218093034344,0.0,-7.0194614094198755,Happy / Excited
Hip-Hop,0.6314477669809356,0.9668994563654039,95.37428673815734,0.6944797352893779,0.09805242706741918,0.12624134934037295,-6.291928358249071,Happy / Excited
Hip-Hop,0.37614543880295437,0.6620707773381561,77.84008505134318,0.7710403284395316,0.3149614150163472,0.05261554911812204,-5.504707004252575,Angry / Intense
Hip-Hop,0.4674739715952021,0.5324171029564011,110.89597598864886,0.7529946522688479,0.09834241036912492,0.25351752974914027,-4.402494183268628,Angry / Intense
Hip-Hop,0.38467761098286685,0.6688370884553347,115.67202276554158,0.7701943369483988,0.0,0.09434602542026425,-6.336288171077988,Angry / Intense
Hip-Hop,0.8571935997191582,0.8496057678857578,86.94820587814247,0.8752914725561601,0.12814266126328838,0.08969415725855537,-4.03053436541105,Happy / Excited
Hip-Hop,0.3676558021016428,0.6427740201219045,113.5392947164609,0.7298702201104114,0.07156218441096039,0.0,-4.152801868813078,Angry / Intense
Hip-Hop,0.8912544854637661,0.5918960502894872,95.43595022010965,0.8870998499873887,0.11044303305051417,0.061666025737481374,-7.124787056293759,Happy / Excited
Hip-Hop,0.5970952774973768,0.6975426881994541,112.74313992223753,0.8668647446408276,0.4307476370422337,0.0705743221249503,-4.3484073668356675,Happy / Excited
Hip-Hop,0.5549891742839205,0.6776200448627174,101.09270918231044,0.7334138730874874,0.14021531715235372,0.12223182749255719,-7.013085130559283,Happy / Excited
Hip-Hop,0.7251781410032282,0.8780538080807838,92.87476651416058,0.5690330590892265,0.04706136154866811,0.12078961825927766,-5.045736124597764,Happy / Excited
Hip-Hop,0.3401255981869161,0.6594270094526139,110.13116047708195,0.8092060211381241,0.09132814809963669,0.004322291172971868,-5.783516298087644,Angry / Intense
Hip-Hop,0.3539661667902696,0.9138450827363329,89.19823155419589,0.8695442668742946,0.30255792623069416,0.09988176287035723,-5.863240625436097,Angry / Intense
Hip-Hop,0.5926714162605897,0.71709652723309,78.73336650685769,0.7891923353549443,0.0,0.11313755719230947,-5.929234594596786,Happy / Excited
Hip-Hop,0.5562087380571111,0.753994544585537,90.3397104733266,0.8128024421327747,0.06301156120529706,0.09099081082200709,-7.691959360493497,Happy / Excited
Hip-Hop,0.5427483243183542,0.9526714798869942,76.99403615709966,0.6990029526527634,0.1816689419590698,0.04257072473577186,-4.298739801452881,Happy / Excited
Hip-Hop,0.6080536834265795,0.7961665762274124,114.97459715521202,0.7968836791235662,0.09104908144577491,0.07708015908419119,-1.2002361302095688,Happy / Excited
Hip-Hop,0.4961259256511368,0.603056483439523,114.9274520471655,0.7491656952441762,0.0,0.08931951740052951,-6.0706563719078455,Angry / Intense
Hip-Hop,0.503704009185251,0.7598376396682818,98.4289942360232,0.8238506635425136,0.0677416355316188,0.0659174058723258,-5.5190933551678345,Happy / Excited
Hip-Hop,0.6529858865597505,0.7938440980815664,78.16210336319728,0.857738390455753,0.055684386586314236,0.08656404587968017,-4.265425373197319,Happy / Excited
Hip-Hop,0.8508730618231221,0.6931840821153777,88.71229766987244,0.7582522354701041,0.08361842605988695,0.0859959331359435,-8.232621216873175,Happy / Excited
Hip-Hop,0.3303371645536563,0.5918636494104967,112.10553665552436,0.9139552035323733,0.10746609377550342,0.018182479376699257,-4.859895673773638,Angry / Intense
Hip-Hop,0.7291380944694743,0.6087176238971311,99.29064168922613,0.8477677866804187,0.1801313003927814,0.04327071316191204,-2.9979078148657177,Happy / Excited
Hip-Hop,0.033418187260137344,0.8013450383437088,83.22663770370637,0.5952430392829189,0.1813443119429977,0.12615609816140705,-5.274897029255384,Angry / Intense
Hip-Hop,0.691517418496529,0.9134733909586374,118.66846016451285,0.9075968076434253,0.20905529892862706,0.035280354723111494,-8.203931623794336,Happy / Excited
Hip-Hop,0.4757087521366093,0.6188104085620569,134.07696891496064,0.7441702768810897,0.13478457681413827,0.06860397632283273,-4.912795107255093,Angry / Intense
Hip-Hop,0.8251091872775356,0.6452820765918658,98.50293419427037,0.6931776472871757,0.0,0.0,-5.0740735940968245,Happy / Excited
Hip-Hop,0.4427255995868932,0.6369094824151372,69.68628565390699,0.7525204984634175,0.0,0.08320391745827219,-4.835120494130994,Angry / Intense
Hip-Hop,0.2576407300963125,0.6828949107540163,81.46118469936951,0.7887257059377263,0.28085405352277737,0.0,-4.769947841705165,Angry / Intense
Hip-Hop,0.4911760967980047,0.8005608091740558,98.83753930827841,0.6923227601435062,0.08171352772000581,0.0,-2.8479857228028034,Angry / Intense
Hip-Hop,0.5238360967609497,0.9481428822903608,93.90810535133683,0.6962433909780583,0.0,0.0,-8.168271886010979,Happy / Excited
Hip-Hop,0.568082797182067,0.781047002787592,66.5385673634216,0.8405534482668504,0.062032673797987256,0.040275510838988456,-1.7755587434891513,Happy / Excited
Hip-Hop,0.6814310768557957,0.6877763222513001,78.95853994252482,0.5663366138803626,0.03370160169090959,0.015220883282061387,-6.974359054302368,Happy / Excited
Hip-Hop,0.4963737459233852,0.7292222259550522,90.95259232745458,0.7014997677258886,0.14023856063600731,0.060935845469858634,-7.180798154885692,Angry / Intense
Hip-Hop,0.7739678283543286,0.7081694241258886,95.33929321300725,0.8237392980930902,0.1479859357516202,0.09671956437392716,-4.425751669596352,Happy / Excited
Hip-Hop,0.40976127256472117,0.7633804230247322,74.41292826822809,0.7697703735198871,0.1160124011226647,0.015431819990922219,-5.257075022877862,Angry / Intense
Hip-Hop,0.181267171810425,0.6541530110710846,96.67120822054007,0.774387075279766,0.0,0.11859954886052905,-6.732349696429002,Angry / Intense
Hip-Hop,0.6945022960948126,0.7712633234246021,83.36790842281155,0.919777980334856,0.0,0.09434079215270011,-2.9988353639140435,Happy / Excited
Hip-Hop,0.39928836236620396,0.8870958360077195,90.49916273721885,0.7859824266351871,0.15123862065254648,0.020598388097061653,-3.378383453680436,Angry / Intense
Hip-Hop,0.6628279696993984,0.5101761632114183,118.47812437180674,0.6103757210767893,0.24390554452099888,0.10886935957793084,-7.181932860430397,Happy / Excited
Hip-Hop,0.4460534281681747,0.5873154397816877,91.13142145480276,0.7322769144232832,0.21355926387232077,0.12172161222837259,-2.208632378420088,Angry / Intense
Hip-Hop,0.41880975521590563,0.6948933751506566,64.69811254002289,0.687471694015343,0.23578219597169492,0.14309079764837623,-7.468697743759844,Angry / Intense
Hip-Hop,0.41335643335247907,0.7168313091649288,100.04290085875292,0.6871356832070519,0.17088732533569076,0.0,-5.0289045417565585,Angry / Intense
Hip-Hop,0.618331164640666,0.7207706723773125,87.14505397052176,0.7501351176466753,0.10939644489535975,0.004099227908251058,-5.517592125334205,Happy / Excited
Hip-Hop,0.807756490690849,0.7873103337529486,89.68135427547512,0.8227258964059663,0.0799416612292788,0.1121187246310649,-4.260715615603813,Happy / Excited
Hip-Hop,0.5006856140792388,0.7737260310972333,66.72422926276701,0.6585909277981176,0.0,0.04000601663345947,-1.5349700010298162,Happy / Excited
Hip-Hop,0.9216340263146738,0.7965661321728909,104.01520054900023,0.5979048039262536,0.05487914403191739,0.0,-6.241695196502232,Happy / Excited
Hip-Hop,0.4897341126547379,0.6633491306763447,60.0,0.8273119230505781,0.0,0.04674728048778047,-0.8518346605000531,Angry / Intense
Hip-Hop,0.3545107735144438,0.4163654972704404,89.851924006158,0.8590863671498714,0.35500169450647123,0.0,-4.006601553526957,Sad / Dark
Hip-Hop,0.43624411777959043,0.7072861974835037,142.59818024630664,0.6247326704444363,0.15044875937934882,0.06273852202358032,-2.8284273501213058,Angry / Intense
Hip-Hop,0.5376369676247612,0.7569660647404922,87.95032578640776,0.7842214247120597,0.07881692694031073,0.07351003228992356,-5.739220672087268,Happy / Excited
Hip-Hop,0.5878780709023936,0.7164884623578026,115.26890451389903,0.7553745648770362,0.0,0.11833450504997943,-6.811464601725238,Happy / Excited
Hip-Hop,0.40232205904321244,0.6485206447147809,119.73988567707471,0.5677893207419175,0.4965298240391992,0.10392397663462363,-4.5535221717416805,Angry / Intense
Hip-Hop,0.5101190798890685,0.7542664889829188,104.38020371082808,0.8180694027355051,0.18667253592041383,0.03627064768786742,-5.394676840614652,Happy / Excited
Hip-Hop,0.4927708089423679,0.6966110063576783,115.40786174360716,0.8134201050052776,0.0,0.07591305435708327,-4.610527610562451,Angry / Intense
Hip-Hop,0.5166324238397385,0.6733777856293337,115.23402895974824,0.8452773815910573,0.027254679861166906,0.05849366009871746,-6.943313469082572,Happy / Excited
Hip-Hop,0.27166873033799255,0.6447939330492042,110.52308250288965,0.8457812540838479,0.18157025041167515,0.08075670507935981,-3.967643425770083,Angry / Intense
Hip-Hop,0.4045333128598686,0.7718307053608728,109.40737145409828,0.8278862196832217,0.26266960457695715,0.07958126930407447,-4.297103584916834,Angry / Intense
Hip-Hop,0.712627042896957,0.7168174488901128,79.12625627790108,0.7453239732450613,0.03061168262322611,0.0,-5.289037341431036,Happy / Excited
Hip-Hop,0.377364414220007,0.6830446164433152,60.91493599483186,0.7791964336635645,0.1201446570434669,0.0,-3.68150866313519,Angry / Intense
Hip-Hop,0.6887626247727805,0.5270928162757231,81.27095398580815,0.6907771885191432,0.007211627866936243,0.08806323893522239,-5.387652277545607,Happy / Excited
Hip-Hop,0.4723873285640901,0.47953651627118954,106.43752454376607,0.6484667444631875,0.1271919156319594,0.04941638565707342,-2.278682808322698,Sad / Dark
Hip-Hop,0.2844123281585599,0.35765854130150093,98.3092918055665,0.9220460063359768,0.26867356235273243,0.04467615906922381,-5.9832723712640945,Sad / Dark
Hip-Hop,0.6652820673947158,0.6031744560354637,103.57443984841194,0.8054923143249965,0.24722518889986556,0.22317620272377545,-4.215168065642466,Happy / Excited
Hip-Hop,0.42838654737265025,0.7169310825369607,63.15663371199587,0.6974758182019848,0.07088610742642751,0.0,-4.695290255932556,Angry / Intense
Hip-Hop,0.3719644121712039,0.8545236800789365,95.00372716852755,0.7591629710975247,0.08065263401844985,0.04086334787012854,-3.349803470664731,Angry / Intense
Hip-Hop,0.36391656117203797,0.6410260213109692,89.53293148202003,0.6388716168874107,0.02168905683342026,0.0,-3.251221638574545,Angry / Intense
Hip-Hop,0.5672610392203465,0.7432307893641052,110.3161633190235,0.7476365390440544,0.16685578199146675,0.022774477294725263,-4.469275301200743,Happy / Excited
Hip-Hop,0.41510344162991525,0.4273419410068285,92.58297508064652,0.8880473322489946,0.2311458482689911,0.09757782392138195,-2.5277385563875643,Sad / Dark
Hip-Hop,0.5359583663730587,0.7436778848886715,83.8822658821817,0.7315534429575655,0.19389253797253697,0.11427191060181714,-5.278892551361999,Happy / Excited
Hip-Hop,0.43896593232674597,0.7200633550627916,105.82172148072407,0.6300530665479812,0.0,0.0,-7.441424851828318,Angry / Intense
Hip-Hop,0.42853476442348404,0.7022663617419034,86.84152863758575,0.890722078102367,0.1592093717522784,0.05103320517275799,-3.755585711913196,Angry / Intense
Hip-Hop,0.31501003879946154,0.8446934144904322,93.63624284236172,0.8203432555517092,0.0,0.0,-3.3642206839499424,Angry / Intense
Hip-Hop,0.587753714697553,0.6117538134770988,79.3460645370555,0.8612891305973293,0.0,0.14498710672791745,-6.8012414692957375,Happy / Excited
Hip-Hop,0.634910546609509,0.6805657829101218,105.85737375948217,0.7110297398097227,0.10046485127132469,0.03286434227770048,-7.0043749115629454,Happy / Excited
Hip-Hop,0.6533483821756226,0.6584143720234098,90.88520152387966,0.6705085562852339,0.0,0.016628056617988166,-0.17476915677416827,Happy / Excited
Hip-Hop,0.6612287718216443,0.7176887544318726,90.26796507425118,0.7620219303530842,0.1856542938210252,0.0,-2.771356610662256,Happy / Excited
Hip-Hop,0.648768636779424,0.8061822870849521,102.89256329857508,0.7617654991924591,0.20074334831601837,0.07142698936189647,-5.7080814218820475,Happy / Excited
Hip-Hop,0.41675168087855785,0.7322227554314383,122.88236272691337,0.6484803631911489,0.0,0.04153325888655617,-4.898224596287964,Angry / Intense
Hip-Hop,0.5512014995866735,0.74927438374902,90.9823594165735,0.8940877094741874,0.0,0.0,-5.206509520298095,Happy / Excited
Hip-Hop,0.2242260139922499,0.6988974714681514,124.90646298310432,0.7618797839466366,0.14768410868624202,0.0,-6.2327228160789545,Angry / Intense
Hip-Hop,0.45246465154169135,0.6818741883892518,118.06958831006784,0.8101921954652612,0.0,0.047255334490240344,-4.00355650300643,Angry / Intense
Hip-Hop,0.725226826933828,0.9096648823882048,76.72830454709836,0.6870228239910696,0.0,0.013618609862511302,-4.067283251107331,Happy / Excited
Hip-Hop,0.6977202129860384,0.7108858771628972,89.24274458141281,0.7736582193023867,0.019782851804397233,0.17626771051863416,-8.215322054236118,Happy / Excited
Hip-Hop,0.5532533042012304,0.9628327463075567,95.12239720207997,0.7428964868498655,0.07710654926274874,0.01737258227663145,-2.2543030506469397,Happy / Excited
Hip-Hop,0.1218648559606888,0.904012044155559,69.36877125589739,0.7360012903689027,0.06849066956416058,0.07119872888395039,-8.196248703767495,Angry / Intense
Hip-Hop,0.6031910798947497,0.9629171547944223,70.46286791732942,0.7770735550849356,0.040562138664406916,0.05981210443351251,-4.961704445168496,Happy / Excited
Hip-Hop,0.4045323563720243,0.7785446741845289,127.47826597616137,0.7428186587445431,0.2063709530577818,0.0,-6.912872753636018,Angry / Intense
Hip-Hop,0.6050331300184679,0.8980939234243157,101.40104027814188,0.7318247772529162,0.11991496865080249,0.0,-3.7909693472892663,Happy / Excited
Hip-Hop,0.6788199512182136,0.6657491600600304,86.53924134032897,0.7839290406686844,0.06759363167512854,0.025370716976192427,-0.8005564216669692,Happy / Excited
Hip-Hop,0.47553537386572065,0.6769991817574533,83.34424749856714,0.8269772774349943,0.09825309921382763,0.0,-2.357391935453976,Angry / Intense
Hip-Hop,0.7755285408124547,0.6479491721113554,61.40228087550891,0.850676232085323,0.037844420908799525,0.08534379194139381,-8.940207635423672,Happy / Excited
Hip-Hop,0.6806675208938757,0.5746593684863062,108.15375414319745,0.7612845761052791,0.005527269672402621,0.0015074580951253622,-3.627363086086598,Happy / Excited
Hip-Hop,0.5390610015607422,0.7901295576566981,130.57593052127874,0.6192182549460054,0.31406550899623487,0.037304915626624906,-6.797568096646256,Happy / Excited
Hip-Hop,0.28054354736698184,0.6973055531067559,111.58970201464027,0.7485205791660219,0.3013385916296817,0.0,-5.024177895692109,Angry / Intense
Hip-Hop,0.2945691800056386,0.7636358259149961,110.9639730217514,0.7221314385687052,0.0,0.04392637027575462,-4.126522896532981,Angry / Intense
Hip-Hop,0.5927730558931056,0.8682938630186585,75.72103376631712,0.8212194494905405,0.263100901497357,0.0,-4.360696348162046,Happy / Excited
Hip-Hop,0.42924763041861913,0.7102172792278024,101.25817670369005,0.7161494292297803,0.03891503050060659,0.03239066922416172,-7.174491877725606,Angry / Intense
Hip-Hop,0.32455147680066665,0.8015247939547804,74.3217073671442,0.819968125081829,0.17551095514247414,0.0,-6.35512930467131,Angry / Intense
Hip-Hop,0.7349396925485271,0.6022601362632382,86.64072327843103,0.8015854803926707,0.21400686111391143,0.012392277976885299,-6.195020389383283,Happy / Excited
Hip-Hop,0.7760265751057314,0.9286679596557095,112.61944491407232,0.7676786328308521,0.023008113403088837,0.0,-3.954971789468485,Happy / Excited
Hip-Hop,0.5953116797599631,0.8881918311535715,106.7081016656505,0.6247227728416164,0.2462337141267502,0.0,-5.767942543904703,Happy / Excited
Hip-Hop,0.565036037125305,0.9594800987740757,150.9785340080965,0.8146050753222565,0.09801640575355346,0.06741539539363853,-3.224689148252328,Happy / Excited
Hip-Hop,0.4622798273997055,0.9354253627094786,99.14127366544524,0.8047968780182255,0.19991091024653534,0.0595110627430119,-3.3221189990607756,Angry / Intense
Hip-Hop,0.4088944264215538,0.6530037895264763,75.1972238065095,0.7995551107558204,0.21347238042145367,0.06204410063063201,-1.6510151333049254,Angry / Intense
Hip-Hop,0.5189927166107716,0.8002489986711014,75.34938422949234,0.7251610267773039,0.2034645309078933,0.08943714775202008,-5.587933895328365,Happy / Excited
Hip-Hop,0.5071121346655479,0.5378551503983029,88.57347438548103,0.8401344847167808,0.18902460193278794,0.06504660049668468,-4.90045262563808,Happy / Excited
Hip-Hop,0.5212713685530718,0.6407614632631863,107.57891156364562,0.7978875649950451,0.1790422617591359,0.0,-9.306685839742489,Happy / Excited
Hip-Hop,0.7174874881156652,0.6625395052789915,79.47003624722383,0.8224131020722595,0.07295848320970444,0.10419554688326353,-3.765988100846605,Happy / Excited
Hip-Hop,0.643042478176086,0.5560853146559359,116.8149917369552,0.7835125478110471,0.07568674329045562,0.04003719271395757,-8.55247046579664,Happy / Excited
Hip-Hop,0.5935575060665208,0.5964754190181514,70.65193485481637,0.6229876732403898,0.253522604998791,0.0,-1.9325445801670016,Happy / Excited
Hip-Hop,0.42355573665058643,0.5151170450888464,74.90256008092413,0.8712230458006245,0.1012922186475999,0.0,-4.679963548294425,Angry / Intense
Hip-Hop,0.6103208925101581,0.8540878579082953,121.07298613807268,0.7276208218789822,0.0,0.0010574387213706758,-4.479438986834228,Happy / Excited
Hip-Hop,0.34652339328209003,0.6051418902125948,101.18818186789794,0.7556212883586594,0.12393563944939037,0.0,-5.460801428411535,Angry / Intense
Hip-Hop,0.35363803403170524,0.8268238093349743,113.63448802502755,0.5938430923985716,0.008458696776910801,0.0,-6.300047868813796,Angry / Intense
Hip-Hop,0.5049811654377351,0.5460425736361764,78.40652336374436,0.6696438365126651,0.14487207952787326,0.03485410359253753,-6.443475106674507,Happy / Excited
Hip-Hop,0.5518277569850917,0.6543983898495281,90.11020801413105,0.9106106881268683,0.28085532621484177,0.0,-3.340535164241651,Happy / Excited
Hip-Hop,0.6660513798084866,0.5822084053496858,109.73799758758749,0.8984138726571298,0.0,0.0,-2.964677066312995,Happy / Excited
Hip-Hop,0.5688691559486166,0.7861771530287428,101.13060589520894,0.795162632883533,0.0,0.10331223946350139,-2.660820015144453,Happy / Excited
Hip-Hop,0.478709666067755,0.7147827660223365,67.440064953997,0.8062829280416052,0.18864689300569729,0.025646628810048228,-2.7512932802589947,Angry / Intense
Hip-Hop,0.4598660984236107,0.787752711107232,76.64604190354191,0.7578803064213185,0.0990774890516597,0.04577155454286591,-5.739053857666717,Angry / Intense
Hip-Hop,0.4963349327790998,0.8191256605729808,87.13824372971209,0.6154080609335189,0.3299500685046505,0.12670178550833405,-7.584525390211237,Angry / Intense
Hip-Hop,0.644147404944135,0.6596430275338389,99.74276987595907,0.7864801716112144,0.09187106396204135,0.0,-6.381082104632519,Happy / Excited
Hip-Hop,0.3550854552133764,0.6201813350123466,93.7907907791116,0.6955816009800324,0.20184624788551436,0.13410723087351492,-6.160106482740086,Angry / Intense
Hip-Hop,0.5630928100963679,0.7799622132363521,103.49604087654694,0.7668359741124479,0.20912189020316668,0.063757426687646,-7.475324844654596,Happy / Excited
Hip-Hop,0.6764480915900692,0.826474900472009,81.26085012478553,0.7634144051902841,0.20199947913732832,0.015348032629444688,-2.8540439044679764,Happy / Excited
Hip-Hop,0.9454970490314849,0.6256816760838021,70.14119714323205,0.7873436736044388,0.2065875006151372,0.01383935383086617,-2.0934786733579314,Happy / Excited
Hip-Hop,0.2790509560498152,0.8031502347637933,84.09450522633992,0.9147440115586567,0.3591018423801742,0.0,-6.09911427181716,Angry / Intense
Hip-Hop,0.6747258196563644,0.6735443220252583,94.18259807721971,0.7622849578488169,0.0,0.02903135777340339,-6.379455548128348,Happy / Excited
Hip-Hop,0.4312378919680411,0.8932358404162577,72.38287590297338,0.833188466807318,0.08652444836018297,0.010416788205291589,-3.419256207896577,Angry / Intense
Hip-Hop,0.5812092330224004,0.7884735596663437,112.42732388959149,0.730182245513501,0.046531591859069965,0.0,-6.65082105995791,Happy / Excited
Hip-Hop,1.0,0.8693615496884144,70.68066140825562,0.6409787838930787,0.17782392740621897,0.06830853581645768,-3.902232329365271,Happy / Excited
Hip-Hop,0.4741079571603344,0.7049454887996519,100.90183143486843,0.7677303705663997,0.0,0.013914025859736431,-6.702812868520628,Angry / Intense
Hip-Hop,0.5515380554035322,1.0,101.61466997853748,0.7317823282444842,0.23061618023727026,0.06378815210464489,-4.159811019096318,Happy / Excited
Hip-Hop,0.6292331067788208,0.9667852277795449,74.64400816413351,0.8026268869130309,0.008834264402215394,0.06888588524395739,-6.837373022972189,Happy / Excited
Hip-Hop,0.4448739735510848,0.6845892102914513,112.56470094820476,0.8426608999548173,0.0,0.03384538776998941,-6.419159709498345,Angry / Intense
Hip-Hop,0.29346911607843984,0.6939579539490756,89.44730980779525,0.978404483771097,0.17195517904328353,0.0,-6.129548008341884,Angry / Intense
Hip-Hop,0.7038489931772918,0.970613132744391,66.45230037971675,0.590806805337486,0.34451582104461387,0.05727299241596327,-6.736585463752733,Happy / Excited
Hip-Hop,0.6162332355020383,0.40371027131797466,95.0607591187489,0.7895039055558777,0.23091241674453955,0.0,-4.828625677193282,Content / Peaceful
Hip-Hop,0.3534235673092743,0.750646050680918,78.88376619746556,0.7232709244755802,0.0005021526251725167,0.075579536927656,-3.2830977666866694,Angry / Intense
Hip-Hop,0.4777682974076655,0.7245885593952034,68.9253545365962,0.7330291016793892,0.11397544595499062,0.21345551637209828,-7.223934051548327,Angry / Intense
Hip-Hop,0.7835519029754388,0.8396230528158969,100.05145528082245,0.918275843577562,0.16465265671282353,0.05724114369675501,-5.10624130603509,Happy / Excited
Hip-Hop,0.7402423988353529,0.851576308057306,83.73780882506817,0.641267752486111,0.09564232351252114,0.0,-5.12704914923071,Happy / Excited
Hip-Hop,0.7427388642431451,0.6651238013895852,94.22917913639165,0.7652220461327556,0.22181170586463414,0.0,-6.213400589530593,Happy / Excited
Hip-Hop,0.558031064610305,0.8640094747712233,86.14575594488831,0.5911102564562314,0.19436537351593636,0.0,-7.379333318180723,Happy / Excited
Hip-Hop,0.4076178298516197,0.697856957081298,84.11459603831217,0.5614990548610838,0.22764794362645585,0.11924125288951055,-3.6969560173209883,Angry / Intense
Hip-Hop,0.31521657932353303,0.6958210159262979,94.88261632586976,0.8138914950605719,0.2002008586461697,0.0,-4.836008887172879,Angry / Intense
Hip-Hop,0.6023104728307435,0.894698678657612,107.68111771684502,0.8310151018637967,0.1300591953515233,0.12873214016424528,-4.180474408081006,Happy / Excited
Hip-Hop,0.36500417616875735,0.8884043964150229,107.56225890570249,0.7201260380984366,0.062460843912090794,0.050760288159853326,-4.073630409464831,Angry / Intense
Hip-Hop,0.5555126078136172,0.7573570408131461,125.59923274237485,0.8564388837011397,0.14287627095180291,0.09589174065372384,-7.065047807055079,Happy / Excited
Hip-Hop,0.5916268689904256,0.9371167619679732,91.07517388293726,0.6837129464242824,0.041749333368832714,0.0,-6.569523816255407,Happy / Excited
Hip-Hop,0.4533085422537948,0.5513319576985629,95.28113001109286,0.8412049456407983,0.011069258382369551,0.13634987465492382,-3.9784158229448106,Angry / Intense
Hip-Hop,0.7055045054123303,0.6410598535377435,110.38145408719909,0.6617259489644218,0.22682970010038103,0.042028753785547185,-3.8934975600304327,Happy / Excited
Hip-Hop,0.3083929709875267,0.6125916189268075,105.75010792856092,0.6746486796198219,0.17558475505189475,0.0,-3.303651574666664,Angry / Intense
Hip-Hop,0.2981458033416684,0.7862759925215428,106.26135680562801,0.6972905363413383,0.1898431880501672,0.04823095843334892,-6.077683712385476,Angry / Intense
Hip-Hop,0.33846015686628256,0.4844849169992905,101.29370085139449,0.619167750577415,0.13144130393295697,0.01155862487424256,-3.641714449123609,Sad / Dark
Hip-Hop,0.46563181009182447,0.680466265638349,108.17367267718932,0.7901552226175705,0.1579387148619334,0.06284873128659685,-8.071144246414212,Angry / Intense
Hip-Hop,0.6562219623976567,0.7934962552816323,76.69970368562305,0.738032757369322,0.11528312548468425,0.020585225091878708,-4.33228006686293,Happy / Excited
Hip-Hop,0.777646020729613,0.8498120073207394,71.38005451823469,0.8159862991275444,0.2794719983442492,0.057076596448244185,-2.818039149628066,Happy / Excited
Hip-Hop,0.8822086802261377,0.8428451455328377,99.48755472155112,0.8540579626676278,0.13738653997162695,0.031673213029946884,-5.702828471427465,Happy / Excited
Hip-Hop,0.8014144045897795,0.6217885600869598,122.58261904420608,0.8049877711366334,0.0,0.055735450509399515,-9.200053015303247,Happy / Excited
Hip-Hop,0.6325914430295865,0.8262277779586789,84.33759279826303,0.7711192926360024,0.3544988920500344,0.0,-7.1178151741132005,Happy / Excited
Hip-Hop,0.7866994124432678,0.9555104628636953,95.06652209326126,0.8510316731867521,0.2809771098637057,0.0,-5.970611670735737,Happy / Excited
Hip-Hop,0.7415574123678523,0.9222017134450211,105.13185548313838,0.6808167081848151,0.3584473334039329,0.0,-5.670275562342903,Happy / Excited
Hip-Hop,0.5816208102081318,0.9064992504857728,110.37156757794003,0.7973378950325719,0.17559462361417275,0.03304602680504262,-3.8837209709629876,Happy / Excited
Hip-Hop,0.06467918601502548,0.6844071049116242,99.34379482850206,0.6564087324742444,0.1663587981373872,0.015687014530971488,-1.48904860336902,Angry / Intense
Hip-Hop,0.8031435505386741,0.6641033317058205,92.28492119179948,0.7533447190952447,0.06580086286084527,0.04365174888196887,-6.51656413777518,Happy / Excited
Hip-Hop,0.3164892397112453,0.7947253468680322,106.33153251599259,0.6876115816306007,0.22744265169151195,0.0,-4.493669523924037,Angry / Intense
Hip-Hop,0.6676619222702421,0.7159664922355544,103.18533641854042,0.7135213320501186,0.09642400998862834,0.015589839838376172,-6.493156693080477,Happy / Excited
Hip-Hop,0.4881806506391592,0.5341658041363504,86.15923255144212,0.7343612055967297,0.08925842970055438,0.01309517878904548,-5.123528399720258,Angry / Intense
Hip-Hop,0.6062994732554915,0.8249420488959027,83.3042259167312,0.651711923014977,0.0,0.0,-5.703842635633018,Happy / Excited
Hip-Hop,0.3814007080844577,0.5644660002900126,86.78982510546462,0.7763283958102575,0.19140353590026776,0.0,-5.825995644286868,Angry / Intense
Hip-Hop,0.3531943044074841,0.7162272995550268,79.72828458456533,0.811581503191708,0.0,0.004825922928327626,-4.3977853216165155,Angry / Intense
Rock,0.45125186777482573,1.0,134.99600049135816,0.3795134483789588,0.08854429034931124,0.0,-5.201499373241902,Angry / Intense
Rock,0.278380470309871,0.9098468330672195,117.00919450808931,0.4859880901045704,0.023733059031471604,0.28866216222239977,-5.803106915294779,Angry / Intense
Rock,0.7315346973914643,0.897698211454192,137.64133454670772,0.5442479776781024,0.1472556757859502,0.0,-5.697208485376891,Happy / Excited
Rock,0.5636768551013347,0.7941323379831073,99.8962030639285,0.49371146593070364,0.30449266195065894,0.22962700586416634,-5.1550100234150795,Happy / Excited
Rock,0.5817463770998748,0.7560191575558338,93.92256826346562,0.3890640814244535,0.28754665222098374,0.0471208301804835,-5.608459948437545,Happy / Excited
Rock,0.3690275066332703,1.0,160.51917830724125,0.7662536280137761,0.08091457475199385,0.11547493864965142,-8.791606373551978,Angry / Intense
Rock,0.6710788524401067,0.6598664538478478,132.33551127525257,0.36832369668405873,0.029335980791356478,0.0,-6.519688151689545,Happy / Excited
Rock,0.3283491404646736,0.7342077446089907,144.66667823560613,0.36741646483249757,0.12646497124166403,0.22615509827666702,-6.28299091128349,Angry / Intense
Rock,0.29795378857290766,0.77233704497837,151.5945041672142,0.523292915714403,0.036254284647088186,0.13806519814256477,-7.755730374591058,Angry / Intense
Rock,0.5358311167753012,0.8490328769242121,121.84383057722232,0.3993697041863323,0.0,0.14417808036150923,-1.9275487437773453,Happy / Excited
Rock,0.3116576830051049,0.8550064044261781,86.25945962795862,0.429845872321136,0.09627292805549177,0.0,-7.34126593697399,Angry / Intense
Rock,0.3064774754002893,0.8350631273991648,124.2534196318725,0.23141225200100335,0.0,0.00717617865713896,-3.85578353486612,Angry / Intense
Rock,0.0,0.7400323788618044,117.47504286965157,0.6666005333850138,0.05379738259445637,0.12595867816891143,-4.646857149781342,Angry / Intense
Rock,0.05780369843277583,0.8921848659958085,132.30793010912575,0.5609922367609508,0.5711485247723592,0.0,-0.6882583755972291,Angry / Intense
Rock,0.37113392170193954,0.8344794685283612,127.08975509397516,0.4490916399922348,0.031620048611348955,0.1195410482687611,-8.792934241679198,Angry / Intense
Rock,0.5475984584787001,0.7500566714137695,105.39861321919284,0.44599845704050234,0.25085790602350877,0.015759789558053225,-4.10386595447595,Happy / Excited
Rock,0.29573743312836953,0.8909506219908344,141.71015477580409,0.7218330599955693,0.07893232654009415,0.1602385765709488,-4.754831151152638,Angry / Intense
Rock,0.6402982029167125,0.7137401134869524,142.90010625754562,0.4766363244659982,0.09229741874698028,0.09101029813380475,-4.369399008933307,Happy / Excited
Rock,0.40024106266926707,0.8257655819804632,159.5623611512437,0.6182539622738262,0.20429855109962758,0.025335256877135517,-7.22310207057081,Angry / Intense
Rock,0.5824010949004179,0.9051256151035754,157.45341351501963,0.42752232488369246,0.07245416135675836,0.0,-5.981177765152182,Happy / Excited
Rock,0.589416986798506,0.7440205544926163,140.80959590401648,0.47713962728026266,0.13888684338658727,0.0,-4.7869763759152475,Happy / Excited
Rock,0.0,0.7775724610205619,95.3905351256972,0.6447193419856179,0.19328888233174135,0.13600051783592973,-1.1974844321015499,Angry / Intense
Rock,0.2586841914597776,1.0,146.64383128520768,0.47161336553372646,0.23627441766195328,0.0,-7.061285403819184,Angry / Intense
Rock,0.3165397470492509,0.7365226750323182,106.86884714479494,0.6467699680514389,0.06893747195562021,0.12230059620282555,-6.425878416034202,Angry / Intense
Rock,0.11049743890675207,0.8324068830069707,89.75490049160446,0.49176391446974377,0.0,0.31847311990769694,-2.7215931945631957,Angry / Intense
Rock,0.43797814451615164,0.9516448013185603,111.07368045068529,0.5652175254404112,0.12397725204624563,0.1116824097600404,-1.8191162497330806,Angry / Intense
Rock,0.5445236574725664,0.8346468395390029,94.90225127543408,0.3847944445664644,0.0852749279685131,0.09120468491319815,-7.82550931168481,Happy / Excited
Rock,0.8299850348483315,0.9819672866304288,140.04236640784967,0.5086444233540494,0.0745349236118618,0.0,-4.8062987037028435,Happy / Excited
Rock,0.4638179318242676,0.6509887309422051,134.68352834489795,0.48136891414103017,0.0,0.0,-6.034013833554111,Angry / Intense
Rock,0.7409069017478324,0.866786374944051,101.29036861800218,0.5583243547301164,0.0,0.20992292646644878,-6.1778116295446965,Happy / Excited
Rock,0.40408184791434093,0.9590955977050628,102.256728628315,0.33234581778644107,0.02996808083847942,0.204605462122318,-8.798365188692106,Angry / Intense
Rock,0.0,0.7458609369909202,139.03481599821842,0.6440314099686595,0.04442063654975213,0.030628807146079712,-2.115248164360632,Angry / Intense
Rock,0.10214391105177845,0.753377506978039,131.80847779850114,0.5539062465542041,0.0388231968170941,0.08413292140470097,-11.220818383532475,Angry / Intense
Rock,0.3080977699032458,0.8544210455065361,108.35411931490641,0.5070781065907517,0.15362470009632376,0.03889409589706821,-4.573840572508573,Angry / Intense
Rock,0.2563354639016159,0.7752066464364744,140.20432339178444,0.5188367553162121,0.029616247652327746,0.10690596851489516,-3.213475523408455,Angry / Intense
Rock,0.07150998264182873,0.9390888877947078,121.27490522637856,0.5510587919888277,0.24366963083742735,0.0,-6.773602506068866,Angry / Intense
Rock,0.3709467217011302,0.7059495774650686,162.69873151673616,0.3971873487407849,0.03333438646157602,0.10452668379235722,-8.005373815190222,Angry / Intense
Rock,0.3527342790014351,0.8380943913500211,121.34279191234978,0.4887935769320062,0.03648014650619551,0.0,-4.196016971651904,Angry / Intense
Rock,0.7183386221800311,0.8022081956940126,132.50528234495098,0.5831267306140231,0.0,0.28430175897555265,-4.494178008942995,Happy / Excited
Rock,0.6974156728451485,0.7120360405371213,164.3612384511565,0.593018659284174,0.166364810302283,0.10808293452237776,-5.621321545186124,Happy / Excited
Rock,0.6240903819405583,0.8168431843817657,88.65860592825695,0.3659376245951597,0.07769850973687033,0.11719987797986661,-5.14147122224974,Happy / Excited
Rock,0.6272250342649227,0.5658677763153651,130.8717587301032,0.28184249295354147,0.1911654754581002,0.06866495426695968,-3.9509750699397044,Happy / Excited
Rock,0.2731398966997397,0.9535357917989302,148.83449328117703,0.5700253163614265,0.08445793037638712,0.14958287423541586,-6.767231419968372,Angry / Intense
Rock,0.5654444620335211,0.9979377073188705,149.41221119958374,0.4124477036231109,0.14337007807277236,0.0,-3.5690242220608104,Happy / Excited
Rock,0.4966025801866316,0.5756220392561404,104.76432312175272,0.46602333239074795,0.06389683034310085,0.0,-4.0275531766195405,Angry / Intense
Rock,0.46275051351988705,0.7766877041625777,112.88416999683274,0.6258448551699876,0.29864885357059545,0.02197262193841555,-6.530417292887051,Angry / Intense
Rock,0.5035053031200394,0.7570364744303617,125.21205598673532,0.5887583782069605,0.0,0.23819627898232032,-4.818298689176647,Happy / Excited
Rock,0.35004616542442935,0.7892919014934262,127.24858710041038,0.29225584358660894,0.2793925872943883,0.08495907587247421,-3.8924946738815622,Angry / Intense
Rock,0.5817634609975872,0.677460505092764,137.46943798070458,0.4678830690921448,0.20161249302597925,0.0,-5.247735750603172,Happy / Excited
Rock,0.3175204885167265,0.8518715540760987,137.40088374736405,0.41508489262135684,0.01453913629887478,0.06672015577312047,-7.241605568288021,Angry / Intense
Rock,0.5631372282268616,0.7556951359463066,69.86023561356717,0.4550213532053833,0.0,0.0,-8.093566595556432,Happy / Excited
Rock,0.4385994402116049,0.9594368993897877,134.2636894772996,0.42721959341411125,0.1547085034204843,0.02490916277372099,-6.736500922907862,Angry / Intense
Rock,0.22375834640039263,0.5897805431897938,120.20152586881109,0.5189664187904158,0.08840515959821324,0.030083968646316968,-7.364365151741953,Angry / Intense
Rock,0.5234018525864447,0.6419441696064099,143.5205582768695,0.37973395772879304,0.009707771517635813,0.0,-6.253505367214092,Happy / Excited
Rock,0.5858031179412564,0.8618753706132748,147.5684422405607,0.5626571055120723,0.0,0.04030529308069312,-6.950497822793657,Happy / Excited
Rock,0.6461977336866368,0.6563853624288427,145.87395378778223,0.6071544644130523,0.3195544242059305,0.03083760888446032,-3.219194601049595,Happy / Excited
Rock,0.8078808122116032,0.7258829987679565,97.2991950493528,0.27439879593106836,0.18552544346335975,0.0,-5.930797632344807,Happy / Excited
Rock,0.4943432417966233,0.8222210644195898,136.50889728368344,0.5266747826961025,0.2534638975976072,0.0,-6.692487846146328,Angry / Intense
Rock,0.2886478943039599,0.8996230174235132,146.00797176790127,0.554147038318221,0.24201924002679134,0.0,-0.8319397211221577,Angry / Intense
Rock,0.6789505656910839,0.8882746396694896,163.6359781754212,0.30120521507866715,0.03706622364848179,0.0,-3.196301690606642,Happy / Excited
Rock,0.24147607426763523,0.8908994179204983,155.41072287993427,0.5834243480100799,0.13405012283938014,0.0,-7.117127415313412,Angry / Intense
Rock,0.6324352139004333,0.8935218804686399,127.21960961244912,0.44985085450809315,0.0,0.0,-0.22145228215069146,Happy / Excited
Rock,0.20232255292958062,0.8227375785465297,148.14887946390397,0.3494092798397249,0.12216525697373,0.1925498645012786,-4.968751695231874,Angry / Intense
Rock,0.9076285194633507,0.5997680889346166,149.1745705976776,0.47926379151242426,0.19263041858040103,0.1329568582039095,-6.832890492774991,Happy / Excited
Rock,0.4589293867180878,0.5770518258322056,140.06495001142787,0.5357790159188631,0.17663922023717227,0.20697419901045805,-4.080950399475723,Angry / Intense
Rock,0.44517520136570693,0.694271799600645,113.75558472701898,0.6424081544212797,0.2723602486847174,0.05142674764255352,-4.884993131866815,Angry / Intense
Rock,0.26621555625105975,0.9407308214320934,141.30833647383557,0.7329460923756499,0.0,0.03463905211781394,-4.421385193686069,Angry / Intense
Rock,0.529903221413381,0.7741198834942842,110.54077819092599,0.6057689034708286,0.1865362435054698,0.0,-1.6113929972362606,Happy / Excited
Rock,0.6189337805634226,0.8161155796697352,129.59195724752072,0.5664869325339088,0.0,0.08360377749968986,-10.38095886152295,Happy / Excited
Rock,0.568997459735499,0.6126208133069769,158.06839656857997,0.46038558872402596,0.07459996216825879,0.0046719312698593335,-5.720097184805191,Happy / Excited
Rock,0.6611503286751662,0.5014629612157906,153.53930772176375,0.5405628177322049,0.0,0.0,-0.809017431979492,Happy / Excited
Rock,0.25926383040973566,0.6615979387284849,150.74629084729457,0.5406263451543097,0.0,0.10599499704855428,-7.564381709100694,Angry / Intense
Rock,0.6071396377318429,0.9273645157847761,138.64012397643887,0.543399327349642,0.31134257498408485,0.07996235928658704,-7.9546853135520035,Happy / Excited
Rock,0.4964105651814922,1.0,107.70481013628296,0.45662446799672174,0.14997352457217433,0.0735314181193113,-7.455758950943286,Angry / Intense
Rock,0.6107158355591801,1.0,131.92262918047814,0.39151180523167994,0.0,0.11095711774654171,-2.240306641709356,Happy / Excited
Rock,0.5007785169042148,0.7997115390897376,116.21456696421387,0.36894036407382924,0.20017015915898584,0.18965259456627026,-8.864324466726833,Happy / Excited
Rock,0.6902726262907163,0.8688885465072802,155.99189290291588,0.3389446701817862,0.0,0.06212368282792437,-3.7430389327620146,Happy / Excited
Rock,0.7253813398975838,0.8847294696578158,123.14637446375933,0.37683569508009296,0.247600068726298,0.0,-0.9288286130691956,Happy / Excited
Rock,0.3716546095668934,0.9908698487141421,141.57862580118558,0.483560541266905,0.03767243538086481,0.03909105471847043,-3.929208269061906,Angry / Intense
Rock,0.4331166043570118,0.7287426310317554,124.68737179364736,0.5094292435662979,0.0,0.13498017377464383,-7.449303061792017,Angry / Intense
Rock,0.2239334914550233,0.5975186783467148,92.1221500426422,0.3373462996265253,0.014917485084341153,0.3143910965031882,-6.314699189738009,Angry / Intense
Rock,0.4502175180655653,0.8480577663807595,130.621303724317,0.49070678471288076,0.0,0.25411130579350544,-0.48200839090528724,Angry / Intense
Rock,0.1339480219991434,0.6771165690936345,122.40379315245988,0.38425546461077703,0.16071586641470384,0.0,0.0,Angry / Intense
Rock,0.6223932610384113,0.8255088836758658,148.53972526639464,0.6327080509228771,0.03232630143301082,0.0,-4.804642342575882,Happy / Excited
Rock,0.5664781411646505,0.8166872478384102,96.46007035618005,0.4036610667258989,0.09112325636867465,0.07092012748090037,-0.06864455802547997,Happy / Excited
Rock,0.1843820497921703,0.860670709020305,157.7822621665658,0.7725739694507355,0.05147230921792466,0.13897153432642398,-3.5755991070033826,Angry / Intense
Rock,0.4532318943640594,0.7881385758512833,136.71950779000093,0.1961304697736378,0.18184833880751577,0.09514134843943606,-5.556187241945663,Angry / Intense
Rock,0.7679665732723249,0.7190079177451337,119.93848021869938,0.7389863962645681,0.00015264341801721204,0.013986166047615337,-5.367563558577125,Happy / Excited
Rock,0.5629248619620234,0.8249363008823977,102.14749305695474,0.4361397724247372,0.027117468014534643,0.07073347457323453,-3.935390853425427,Happy / Excited
Rock,0.49109497850095524,0.5868785895141918,149.27881975121713,0.5303082615195949,0.26614384571126876,0.13330379927488062,-2.2466926056605945,Angry / Intense
Rock,0.4993127029465216,0.9615470907443298,138.44501272035558,0.48825017042685154,0.3726921664536258,0.18668445467358705,-3.565638947488967,Angry / Intense
Rock,0.20302824918848286,0.6454030859043756,133.85430964283708,0.5174625437321889,0.02630529219900206,0.0969179239534472,-1.0284326798910106,Angry / Intense
Rock,0.5382184206735507,0.6630789788296715,125.76982345714113,0.4034040222976927,0.053476010030972666,0.030366120124442876,-6.194113956510013,Happy / Excited
Rock,0.20662698676452285,0.7846814382178172,116.7878472630538,0.14846615719972783,0.3463566429401995,0.21065235850600067,-5.94075181231249,Angry / Intense
Rock,0.42319923845590174,0.6594014783218927,161.91445755621731,0.7276746433727734,0.11880324738958295,0.20282367730224138,-4.561783052665191,Angry / Intense
Rock,0.19275667539109176,0.7505811957243612,130.63855933543914,0.4454542737507867,0.07376160670779569,0.06903205309890627,-5.202196244663654,Angry / Intense
Rock,0.42888394338457214,0.672727392032408,113.65967701744128,0.3458498881160037,0.21733786596234406,0.0,-2.1160241417076864,Angry / Intense
Rock,0.6556793975346834,0.7637383295620854,75.93725824345402,0.4566427325639251,0.0922979006453417,0.0,-6.288045984520607,Happy / Excited
Rock,0.6801331838067697,0.879791259476209,109.508717712438,0.30828809964854814,0.06075792188682747,0.05438518647794741,-3.759502031591709,Happy / Excited
Rock,0.328996158863498,0.8613799490434234,166.70308080120458,0.5978601226933116,0.0942293791203073,0.05802194347360464,-5.891682835449678,Angry / Intense
Rock,0.6207089551168645,0.7247223864858436,128.90445417999965,0.5061437482257303,0.039785896862616174,0.0,-4.19256374095583,Happy / Excited
Rock,0.4096293247845848,0.8600288563323885,117.32799387121666,0.6464985558575658,0.0,0.2854448340821471,-9.369091274570653,Angry / Intense
Rock,0.4939109109746715,0.8570516819031948,112.08885864118236,0.5509272725433215,0.2535422403712191,0.0,-3.7431379812729633,Angry / Intense
Rock,0.0,0.684120223577215,160.5833272980189,0.4301861559929535,0.0,0.05624747252183818,0.0,Angry / Intense
Rock,0.1086140179749755,0.6738428106032788,157.94863366359252,0.7229242812245279,0.08758825308516593,0.0,0.0,Angry / Intense
Rock,0.6910552065973634,0.881473638531468,111.7519530212516,0.49411647909943557,0.08075679027462032,0.11970215655386933,-1.3724964046716597,Happy / Excited
Rock,0.5695008969933586,0.6707148707618291,155.52992900039075,0.5375758568015786,0.18244789550306995,0.25598490311343236,-7.778950623783878,Happy / Excited
Rock,0.4139096516199013,0.7362254538368942,96.64281149269088,0.5416051973125904,0.4013867861901308,0.0,-5.080701527623676,Angry / Intense
Rock,0.5288922989627115,0.8147693841987418,125.73743894968518,0.3440940363865011,0.12793440915281964,0.0,-10.474804262446384,Happy / Excited
Rock,0.6230806774873342,0.9150062983810452,129.0332195370216,0.5274889625846844,0.22891816152586736,0.1069207588133699,-2.739956113096714,Happy / Excited
Rock,0.36942802585144546,0.9574380486288736,134.4157145186537,0.5232862332327048,0.0,0.11443470251620505,-7.079887293736128,Angry / Intense
Rock,0.31149193649015594,0.7021549246020655,106.6753013620155,0.7549725683620354,0.25976068743860836,0.31044410025731134,-8.05723754888891,Angry / Intense
Rock,0.4321131374848517,0.6447790849755086,114.08610245605873,0.38982476199001104,0.24875008077298738,0.03245243862778882,-2.329051665764959,Angry / Intense
Rock,0.522700551230048,1.0,98.41111553720552,0.6511079887744159,0.23757290444808732,0.0,-2.4821666588171007,Happy / Excited
Rock,0.47714464371445886,0.7727028488055911,111.52129026056001,0.4137068658260977,0.34597745149431114,0.08008193827489792,-3.044674996171352,Angry / Intense
Rock,0.28554710511651593,0.7064176464534034,149.63969618499885,0.3380508546138161,0.05017434785136742,0.08408328932866785,-4.721568495399869,Angry / Intense
Rock,0.38955414154725343,0.8474983737315108,141.85711511635623,0.5881565054551197,0.0,0.04590138824854434,-2.0130928453076558,Angry / Intense
Rock,0.5720900218875583,0.6352568658222724,135.02959800704403,0.26261297007502277,0.10563218824724437,0.30773204200951726,-7.369731793172466,Happy / Excited
Rock,0.278165082266431,0.8916835737887432,97.14396969580707,0.4240693964137953,0.17157293650981031,0.003885698277271629,-5.589924968027429,Angry / Intense
Rock,0.5465115707535558,0.8505855300243874,133.33636792590804,0.45930532648759537,0.14440733383227464,0.06515207838802921,-3.8554859751855384,Happy / Excited
Rock,0.3355215557299437,0.7780917230744551,108.20084414895972,0.49579908679925166,0.0026798963645386364,0.0,-4.35334713036153,Angry / Intense
Rock,0.45616576189580227,0.8939448481938288,119.37748860849803,0.5489663416204107,0.16609570867283957,0.13337285693979137,-7.064134207005355,Angry / Intense
Rock,0.4453917919861021,0.8436968355265594,128.14356933815884,0.24962268099546986,0.11925875487681761,0.34550372472766905,-5.9000981718924566,Angry / Intense
Rock,0.2962268933645954,0.8448018271653678,134.24756420933144,0.6431282198499697,0.0,0.1677656303089991,-3.5239448468713412,Angry / Intense
Rock,0.39583508872010714,0.8406424781506029,148.58914963196713,0.6046778456034141,0.0,0.17841898241065812,-5.1617215125812965,Angry / Intense
Rock,0.4323885966626376,0.8087836389202033,124.9951402240348,0.6430048996528478,0.08995384481809457,0.0,-5.983824639924322,Angry / Intense
Rock,0.4503781018577808,0.9475057741156461,140.06189369897666,0.39793576655035473,0.398222790001467,0.11177303731735755,-1.811523155002463,Angry / Intense
Rock,0.394208546291871,0.864003109364654,144.7893700903681,0.6461833654105107,0.226884196645387,0.18466364000875735,-5.787716827985271,Angry / Intense
Rock,0.3228031728674695,0.8399129012389037,146.66256144682137,0.47327351590680716,0.22782063588572637,0.25431400945834154,-7.290802297683549,Angry / Intense
Rock,0.2777234803546324,0.7831549929313597,134.15225336378393,0.4370519583479539,0.2622643214640573,0.13088802338221414,-4.901382379398151,Angry / Intense
Rock,0.17589538094235027,0.6421021020286992,133.62018500563613,0.2440885248614197,0.2215164891572886,0.06102153867532156,0.0,Angry / Intense
Rock,0.8123457626047388,0.778226111690298,125.8732599493737,0.6194697816802436,0.3043807131901645,0.0,-9.465938663386716,Happy / Excited
Rock,0.31425408305575514,0.8699285099808638,137.93747181015195,0.628372574598062,0.0,0.0,-2.8549645117446367,Angry / Intense
Rock,0.27920663359591014,0.5577814562733635,130.90127491918764,0.5951810825862413,0.08535314414544673,0.025058193658101295,-5.398405580364766,Angry / Intense
Rock,0.35700093039186687,0.63823434656718,113.70638646019137,0.5625535886016577,0.13860142496518002,0.10016717671601844,-7.487871204633448,Angry / Intense
Rock,0.38914446243693657,0.5387521944268575,131.5695332777078,0.671462924937628,0.0,0.009688679201869374,-4.177233053224676,Angry / Intense
Rock,0.6329832478526722,0.7462130460439821,114.15499341468207,0.26372922291007006,0.11241257551697277,0.3250491248172493,-4.30660384508831,Happy / Excited
Rock,0.4162125735387687,0.8386498772920383,127.77815992102796,0.4024382753287844,0.19879358988132464,0.10709138277341053,-4.955966870165857,Angry / Intense
Rock,0.2541877753626975,0.9564209518321711,141.2940549066622,0.43364949951592374,0.22021898244183247,0.020291499393775142,-6.955008731277593,Angry / Intense
Rock,0.2908504700283512,0.5874717736294292,137.4308476083641,0.280262614599398,0.0,0.0,-5.215174231977232,Angry / Intense
Rock,0.3944455217537817,0.7607964544176363,107.14844610658847,0.35933194958760317,0.1557243836255889,0.013933768194981475,-4.209104196159638,Angry / Intense
Rock,0.2695077233588822,0.8217275291325299,154.06556074632127,0.570339896047134,0.050510341814022364,0.11086387644271128,-5.601662936325533,Angry / Intense
Rock,0.42133963139810376,0.7609266737421796,124.71329588229217,0.5254512023689011,0.0,0.0,-8.471356384578028,Angry / Intense
Rock,0.14795391223436927,0.6539260769335425,131.1892501360826,0.39286549814097393,0.16163373570773154,0.08416564985030743,-9.921260533595134,Angry / Intense
Rock,0.5313458493176872,0.8972958374710053,108.12274650330293,0.550422985147399,0.0,0.09172044520980024,-8.161246017387414,Happy / Excited
Rock,0.1151719030691219,0.7540619372464438,125.52542107450327,0.4522784367662475,0.0,0.03201211254426355,-4.326763118548165,Angry / Intense
Rock,0.4123681848791687,0.8219001236719057,114.59769599091534,0.6406061497659392,0.0,0.13850723565040624,-2.045272267600096,Angry / Intense
Rock,0.5017543757673122,0.7756970927522204,117.43405906674042,0.6243305181255507,0.0,0.0,-5.993894413729303,Happy / Excited
Rock,0.6304011387770396,0.8455721163249076,108.6390848297951,0.46276307535381156,0.026281222708444685,0.0,-2.552776103608052,Happy / Excited
Rock,0.186803668025204,0.9930537026881249,144.56459380369245,0.6309034004724438,0.04444725855696901,0.06200711371050688,-8.58287953631178,Angry / Intense
Rock,0.33080739079864346,0.8592385817171782,153.92126123562792,0.3671411819837058,0.05613928756176811,0.061844093572097324,-8.489473005481212,Angry / Intense
Rock,0.520529371098928,0.713121160190887,124.09219297645951,0.44576607537057467,0.005279379313639088,0.07915460174233344,-5.5390239464200555,Happy / Excited
Rock,0.3567841600126268,0.7125846053983589,134.3904934156591,0.6984340722190742,0.11678646794069529,0.19953418578933546,-8.475554812883656,Angry / Intense
Rock,0.4468194446799408,0.668315801723472,98.46150144936198,0.41127543110491566,0.24302792012962873,0.19400189944035748,-4.392488194864001,Angry / Intense
Rock,0.1594409048187117,0.7764463218334476,134.03400017803472,0.5210643475494318,0.0,0.0,-5.160194410371791,Angry / Intense
Rock,0.5111694546179223,0.5364646614680064,124.75752049040283,0.5171658523854743,0.2019534386219456,0.1631429101084924,-3.543571702977987,Happy / Excited
Rock,0.28401011386067115,0.5710397435452031,120.13894485877198,0.6201958190250272,0.26721454330293176,0.16526589227573424,-3.926647942995664,Angry / Intense
Rock,0.4845387402256141,0.7332657503887063,125.3987941289276,0.7002883430991598,0.0,0.2737734548851822,-5.805070386230146,Angry / Intense
Rock,0.6453234585461634,0.6311821988602955,139.718084023293,0.41158758368628534,0.0,0.10622408508931348,-2.4763205285100782,Happy / Excited
Rock,0.27635995543910563,0.6201180847449919,126.1631047133009,0.4895077605467383,0.16579835530653986,0.19395134856373858,-5.148537953181235,Angry / Intense
Rock,0.7354355635150247,0.8269081693442351,121.07146987986201,0.30661191690766065,0.06848085756205988,0.039633566550663656,-2.5992380092963243,Happy / Excited
Rock,0.4986222160913652,0.658475705404086,131.44508772822076,0.5805837406074864,0.28336376312653994,0.18650047608968712,-3.0978833642213055,Angry / Intense
Rock,0.4302146190845778,0.846597440650814,152.99009801412316,0.340066712302442,0.0580672807339653,0.0,-4.0521172031846895,Angry / Intense
Rock,0.6291377698606339,0.7283630855934712,80.19391265061124,0.4505335105970636,0.20961684784208878,0.14451558835398556,-3.9295343804735596,Happy / Excited
Rock,0.3724011386813384,0.6465163116536257,138.30588643248936,0.39988618279584504,0.36209160800565476,0.1484608650025419,-6.4516207563848775,Angry / Intense
Rock,0.31606450794393315,0.7888466952063694,123.209961559565,0.6340200530635944,0.12236994036928556,0.0,-0.2738982871105433,Angry / Intense
Rock,0.4283824163584378,0.8922607611162676,115.83546985110482,0.5435738753293428,0.13733319893718343,0.0,0.0,Angry / Intense
Rock,0.639409558356833,0.7523365620624816,105.95460519088289,0.5417073936564263,0.1104037239297276,0.12268027382758753,-4.521056509514776,Happy / Excited
Rock,0.5060609681820074,0.9736766839270168,139.36206410257293,0.37404134013080703,0.2635075423254942,0.27687374761859446,0.0,Happy / Excited
Rock,0.22900601434926832,0.8291458415780331,86.35802593622026,0.566377898765505,0.034215964219987294,0.3108134953789944,-6.936537425046454,Angry / Intense
Rock,0.1328388835455655,0.7434483511156977,88.49024457565724,0.5901319345408772,0.0,0.08341490974197907,-10.194529549640492,Angry / Intense
Rock,0.36554937322877085,0.9972053786965441,135.2129578287159,0.3963807674042079,0.09625558132730992,0.08216202464533359,-3.818424135391486,Angry / Intense
Rock,0.18763407824225947,0.8711080728616797,73.9121673679445,0.42441385371634277,0.04140713890581465,0.1559992191285486,-4.943422868307827,Angry / Intense
Rock,0.18105428084443123,0.6818008249019583,131.97360019094813,0.49051191897625324,0.03050510684371044,0.02229994525856248,-3.2595800071017775,Angry / Intense
Rock,0.33199226261223347,0.7894290507165113,171.39873176161086,0.3291580835739292,0.0,0.17403075977583282,-6.696607653235258,Angry / Intense
Rock,0.36589962028375456,0.7062612346242664,122.80399718464975,0.6918245734515609,0.19625541503417432,0.18346682142643725,-8.540567639481614,Angry / Intense
Rock,0.2243038647860122,0.4593105608617488,111.81238357834492,0.614804382366279,0.16203358188980452,0.053418408445745136,-5.055750709295133,Sad / Dark
Rock,0.302889457762181,0.8245710658882142,143.3175655896123,0.3060935855107433,0.13595772254048177,0.19189218451456008,-6.037750722408424,Angry / Intense
Rock,0.5391191040604992,1.0,125.91314414026216,0.5471968460006388,0.011433149960633021,0.10175013951224604,-3.84932093754424,Happy / Excited
Rock,0.4531231978459235,0.6776365616349372,132.127235426509,0.6754635126461164,0.1538362917417433,0.19543846268862092,-5.592529925031569,Angry / Intense
Rock,0.5474830407020308,0.8335121405859831,108.98178540625536,0.538222520575865,0.0,0.004054367013824972,-4.526679231769065,Happy / Excited
Rock,0.4705315264746211,0.6572921041907446,149.07971542365752,0.5686407533960567,0.015432587726693953,0.0,-5.362261447703578,Angry / Intense
Rock,0.34418956864360273,0.8135768548463628,120.73766677688867,0.25910517671059885,0.053398367403860995,0.043325706671802446,-3.415847438064853,Angry / Intense
Rock,0.30130605531612153,1.0,89.76718898696487,0.6573400997363149,0.07308172349462744,0.18315018468122674,-4.800496289853167,Angry / Intense
Rock,0.6137244411243298,0.7535165642536626,106.02759149644376,0.6704605144725275,0.08638232249414307,0.10658701683490528,-1.9131202148880124,Happy / Excited
Rock,0.24456760884394604,0.871458907716711,116.20210487074218,0.4841396773226754,0.10867347584611467,0.0,-6.947092607051086,Angry / Intense
Rock,0.6496823917102337,0.9063429426301756,126.7472084534553,0.5291748150215472,0.0646908993236251,0.24279000629935787,-5.50088144448541,Happy / Excited
Rock,0.4594131556629242,0.9375236172970478,112.45257030308187,0.6870547021396273,0.0,0.27555705573353584,-5.931688959879937,Angry / Intense
Rock,0.3787412128697021,0.5731987794580469,118.90410565244615,0.3752232162767739,0.02708243855518329,0.06352268410533445,-2.605520963817736,Angry / Intense
Rock,0.4552925697381064,0.8369211984081337,106.08961222308875,0.3943095092476724,0.31584700220215745,0.0,-0.8594793698567607,Angry / Intense
Rock,0.37867959619025265,0.8002745523372206,149.4073032045986,0.6526270906326388,0.0867024927665095,0.03341083357741534,-5.139801121305533,Angry / Intense
Rock,0.4774527797994601,0.9069564424243707,128.08459717988302,0.5742663557627784,0.2966031678725129,0.12575715347177416,-4.220867859988054,Angry / Intense
Rock,0.16178515973468843,0.48431238358051243,135.76751458460336,0.48862109224629535,0.03822607901023097,0.10922362450236135,-5.15100932299227,Sad / Dark
Rock,0.6117226426077628,0.8103333041910774,113.06153429859665,0.6188199486751147,0.0739442710064557,0.14318440204067684,-6.193526765482002,Happy / Excited
Rock,0.3095294294654358,0.8101001876222835,128.2565728708737,0.55757924424402,0.0677625096028309,0.0,-6.081934708970971,Angry / Intense
Rock,0.5549491394144487,0.7643148704908272,123.07233194970904,0.6183651807087125,0.014563212728929284,0.0,-5.401577798813736,Happy / Excited
Rock,0.3376904282877147,0.6840504416296096,124.49243088202618,0.558980677669614,0.09888537261186212,0.11683772872234853,-0.4664807537114424,Angry / Intense
Rock,0.36171059353521406,0.8334018361573604,117.81573274801731,0.39843683361356325,0.02981108158986763,0.02254897141739738,-4.101310506132187,Angry / Intense
Rock,0.8193428837391288,0.7140747876468992,119.66749388769075,0.4924252384266502,0.14749586184516966,0.11162609743457419,-1.7897605151297071,Happy / Excited
Rock,0.007513348009014542,0.5135684155765193,118.08243655979702,0.631676022505245,0.0,0.0,-3.572051484451978,Angry / Intense
Classical,0.4238583002664886,0.12737082304807984,80.40489117981396,0.1636307536438391,0.891053531747394,0.7260527085725489,-13.02374432409792,Sad / Dark
Classical,0.0,0.16004073888210812,76.47048909449059,0.24923911859530096,0.8261952241509861,0.939676566984365,-22.43734708664023,Sad / Dark
Classical,0.38818846573953536,0.3581670992496388,159.98612822373474,0.222188083468783,0.9124458604352517,0.5494205811156452,-24.567824817252095,Sad / Dark
Classical,0.532059387640706,0.27922155888927014,140.99835531435585,0.11519165332363013,0.9319902139528753,1.0,-13.321177566570936,Content / Peaceful
Classical,0.4297846710063888,0.28119785131540903,64.01531920047447,0.44266875228524183,0.8189142360194934,0.8956724884574525,-21.252137226285015,Sad / Dark
Classical,0.16769726038859953,0.480912235891113,98.2755359091804,0.45439305712510536,0.8721769340941482,0.5437153340563213,-11.431729601073117,Sad / Dark
Classical,0.2738193828039906,0.3778164338923861,108.7059042911223,0.09482581264685558,0.896429476537057,1.0,-13.028054165942162,Sad / Dark
Classical,0.36964680445901665,0.43054807627396574,113.8987170256871,0.3051441076315353,0.7708374827840897,0.8550772038684397,-10.85822633433222,Sad / Dark
Classical,0.22950881262199557,0.4794294149745727,105.43223132393648,0.17346765861537516,0.9797632076920244,0.7769808646392595,-11.961940450055568,Sad / Dark
Classical,0.3274834461934633,0.2716243399058135,121.81968572136016,0.31490764691080075,0.6804468219548261,0.6518134389858412,-11.282360060836737,Sad / Dark
Classical,0.3562154139977215,0.20667761761200099,69.95992757279072,0.15043164144689822,0.6778201360038052,0.80480789219477,-17.393750322324188,Sad / Dark
Classical,0.2060141796226433,0.2704627204764866,118.19117766387667,0.5311837518651934,0.7288116580436786,0.9939071564950782,-11.107593755939712,Sad / Dark
Classical,0.2397633069121939,0.30845303364204435,95.18626901854677,0.3022826296502487,1.0,0.9108409348946969,-12.965566507066232,Sad / Dark
Classical,0.30254432240816437,0.07223206691059308,102.16289010486858,0.4247929785836698,0.7272832143410353,0.6617365947734957,-14.494929055063727,Sad / Dark
Classical,0.20276213872749277,0.16904671740387026,96.13923971161104,0.1161259114971821,0.7825878153783632,0.9255141875180962,-20.229479128923856,Sad / Dark
Classical,0.09238301579092922,0.1917965028652548,128.4947540702757,0.25636938304037327,0.8335418921884382,0.826653819627341,-21.982829731438606,Sad / Dark
Classical,0.46904701767950585,0.3336809043965102,96.5393627253198,0.40071094141557,0.7672503901046961,0.9891863489880353,-14.382025337618995,Sad / Dark
Classical,0.3194205338219288,0.2772176910484364,104.99658655729363,0.4264339475701261,0.7723320872528987,0.7056221141280102,-10.85478843171008,Sad / Dark
Classical,0.2728037116669053,0.40607463082642287,155.58420752424388,0.231784596767004,0.9481362326575306,0.6469461577990212,-11.981066807728762,Sad / Dark
Classical,0.41589631747761807,0.34622535950243016,89.92398198300894,0.08066999013193932,0.9303252064749505,0.5104895271280818,-16.26940196897014,Sad / Dark
Classical,0.5494127359555945,0.30686568302222506,162.55359405411477,0.40301309830981286,0.8146101611674423,0.8240970069777157,-15.189482810177743,Content / Peaceful
Classical,0.09520818259769709,0.14834415169219056,92.2986946045639,0.03565353965728765,0.8847493468251643,0.7826392233020438,-21.691575605246296,Sad / Dark
Classical,0.45275831574991976,0.3802221842567344,114.3569654082169,0.24111181897492362,0.9391442151751855,0.9220330540715036,-13.770385721121247,Sad / Dark
Classical,0.23156979492174304,0.3187241071715653,141.47345822311343,0.2084045129665924,1.0,0.7411553599021923,-14.870371946639455,Sad / Dark
Classical,0.2589525927188595,0.31125791702883654,60.0,0.21447498414199348,0.7707878799651433,0.8403007521838436,-11.02221049796437,Sad / Dark
Classical,0.4962811136806193,0.0,165.17795028198066,0.31543359287450423,0.8023500859507,0.8435691878486411,-14.29524070998923,Sad / Dark
Classical,0.25996723094871854,0.3077083334278906,90.9907759466314,0.2314765608771973,0.8113720864244915,0.6050993065390521,-14.416654119138464,Sad / Dark
Classical,0.48535389857294087,0.3520837034506922,130.95790707378657,0.3189208252017842,0.8267274501783096,0.9459495796646783,-20.43007015936774,Sad / Dark
Classical,0.21787915114775358,0.14501199000074574,138.2415696559007,0.3931346216968091,0.9287305237044995,0.9807894797817696,-18.517131129647954,Sad / Dark
Classical,0.4427471215749765,0.262475580026357,131.71269890877758,0.2661730920937363,0.8415057111589919,0.9011362777841484,-11.495323331235069,Sad / Dark
Classical,0.25969786492757574,0.27144940601066736,78.36366225803373,0.0,0.9000459631413729,0.9113358034381948,-13.951732763653098,Sad / Dark
Classical,0.02907889080421394,0.2308810797892936,60.0,0.4443641329185022,0.7713945417881913,1.0,-11.216521425263418,Sad / Dark
Classical,0.2178937365435089,0.12141010682251571,117.81036605881746,0.1786811155380315,0.8902484642158207,0.7475758613789623,-22.124633657862532,Sad / Dark
Classical,0.0,0.3117357947892436,92.27638310274249,0.21362922197030415,0.9495863839093786,0.9960163414948666,-16.090178885447237,Sad / Dark
Classical,0.31869223275622494,0.3500200246359437,70.00580404841189,0.3067783665697237,0.9351885971822154,0.9220345312626443,-22.74701081000986,Sad / Dark
Classical,0.2429560514343907,0.1570431446047147,110.79683472345796,0.3376893495721581,1.0,0.745755177944789,-16.990289993236857,Sad / Dark
Classical,0.5869409633981745,0.32152077139424273,143.49424231326327,0.3146473603611804,0.7642883381286729,0.620030746783329,-21.206048996235715,Content / Peaceful
Classical,0.49916933025652516,0.44640355523218117,159.78213995881868,0.38117263987878885,0.9962838577534986,0.7329975501019472,-19.625663266975426,Sad / Dark
Classical,0.5330142798351596,0.3384753053135161,111.00844248154499,0.3264845776759588,0.9123185482458206,1.0,-9.820057660732177,Content / Peaceful
Classical,0.47795966342126245,0.39841240215880996,122.39375146789372,0.22465963215584575,0.955656467491314,0.6108257396711108,-10.784433790816468,Sad / Dark
Classical,0.1649858708421137,0.3200124601512626,84.33568916406755,0.3464066779689312,0.8766074774072091,0.5807866062755,-13.317201475926085,Sad / Dark
Classical,0.2759742601701121,0.4033605409138717,108.0371192845634,0.3274505182465646,0.7842431044984788,0.7316001652858957,-16.834554544404337,Sad / Dark
Classical,0.53420644644366,0.5148327922927686,85.45519095119947,0.4092217773589216,0.6630322582274297,0.6408715898361566,-18.8351138247471,Happy / Excited
Classical,0.13654843590067,0.05829762542973882,119.56396953985833,0.25431187627265667,0.9179405397605109,0.9235709029182269,-13.937532027309866,Sad / Dark
Classical,0.49839737170706727,0.2702654799260823,74.76418512743915,0.4069377016984955,0.8210887867218873,0.6796605551856361,-15.711671503217593,Sad / Dark
Classical,0.21569403452662766,0.2215597465214795,117.63350980377706,0.32180100870953526,0.790216993357437,0.7468441940576882,-10.702667980919024,Sad / Dark
Classical,0.4693520211921094,0.5705091055087959,141.04358886476277,0.4173151682271927,0.7412131449544198,0.9345790527450133,-15.212427206787643,Angry / Intense
Classical,0.2808232753631151,0.30352214767455404,134.46592296912155,0.3400997909205054,0.792152619865794,0.931368837038893,-17.550350168303854,Sad / Dark
Classical,0.4190029614135715,0.23753099055320123,101.87174495140248,0.3719491570048612,0.7759806280184102,1.0,-22.284344277177986,Sad / Dark
Classical,0.27241981701412576,0.33182966459184376,124.36079666018867,0.26794291353139543,0.8742609296998458,0.8815825127991425,-15.924277909830721,Sad / Dark
Classical,0.6307726264282831,0.39750887599242435,132.43908182815778,0.16406119319555,0.8720611575594297,0.7749301076918944,-19.022405502757863,Content / Peaceful
Classical,0.4448295531102381,0.2047295939108257,126.35130723580664,0.15157701245268024,1.0,0.6855501012111906,-14.122790651198256,Sad / Dark
Classical,0.5225346758698521,0.20011033977198422,131.86912201612262,0.13249796826395008,1.0,0.8221223897448637,-17.38564563187552,Content / Peaceful
Classical,0.3261472809630618,0.3932486977149807,91.63525182818773,0.1900770772692667,0.8578463402416262,0.6434556830845047,-7.717824368232738,Sad / Dark
Classical,0.27804897358134983,0.3964263500652565,113.86516234213764,0.16185591394216386,0.879404529078727,0.9376004168966121,-15.753045340345226,Sad / Dark
Classical,0.594760330253185,0.423012154989461,133.72961593043323,0.2248411873272404,0.7720157552218513,0.7279618591955808,-14.215036237333118,Content / Peaceful
Classical,0.478241608435824,0.0,107.77283035487099,0.29897070703878215,0.8522455743684448,1.0,-13.312879702996517,Sad / Dark
Classical,0.6158345434545615,0.2497655271509675,134.2493697901939,0.47620796734330234,1.0,0.65617876098569,-16.014704310169524,Content / Peaceful
Classical,0.31787035301903666,0.3484956349106859,127.21789954040693,0.17933287911691168,0.8867838513916938,0.5170109001765795,-9.23221997679244,Sad / Dark
Classical,0.2877726366781952,0.2878209515782296,99.32980800833428,0.41752330900160983,0.5962493558602622,0.8175084486511136,-15.423275029990792,Sad / Dark
Classical,0.2983454502334971,0.5216717163889886,83.15477515203841,0.37261554126827934,0.9156252788706084,1.0,-17.668756339110022,Angry / Intense
Classical,0.2480655981577234,0.43344978704683584,119.90899663324309,0.094607518398789,0.826069498553673,0.8779573980772091,-11.648943113813644,Sad / Dark
Classical,0.2577384824252681,0.0,122.65024920063694,0.13356151720672294,0.6782661201877589,0.39515111125237884,-11.744076559209034,Sad / Dark
Classical,0.40315114107289396,0.2484081067002848,146.89268216295733,0.35647896196276874,1.0,0.6110896791749505,-15.138202495815854,Sad / Dark
Classical,0.08899159250935745,0.2478864735402346,101.03875609453303,0.35519363647156854,0.8845563881141898,0.9135110707419873,-12.186239467444423,Sad / Dark
Classical,0.7678871619289656,0.2358584682599426,81.65136438134138,0.30953003383796907,0.7997719972860456,1.0,-16.13287215578093,Content / Peaceful
Classical,0.27819625378268176,0.21401579903884352,128.11568785720596,0.2610703620122218,0.8158333179869618,1.0,-18.424679362647,Sad / Dark
Classical,0.38640189332593883,0.3713228612254323,62.32261690832195,0.33763126016871103,0.774489232451955,0.9434174171251003,-18.850604047675905,Sad / Dark
Classical,0.5046984257327949,0.4348166292812598,132.12022271771855,0.31015799778857234,0.85686990570703,0.7335370635497733,-9.115861236731584,Content / Peaceful
Classical,0.2540908603698242,0.13481074970020054,126.63033018091924,0.18446358361762058,0.7849936502533873,0.6034593606745352,-16.93163935784207,Sad / Dark
Classical,0.3651112956986312,0.31403284187249786,134.63657484038555,0.34322775083989526,0.860912778044682,0.790270648543042,-12.959370124339266,Sad / Dark
Classical,0.6090626293271425,0.29768398792764805,94.86433608210855,0.16085607986973458,0.7354794735587774,0.9199404508065284,-12.68808590544177,Content / Peaceful
Classical,0.48392543451919906,0.2619876775107122,147.394172884969,0.22190578064982192,0.9755269237207206,0.8141885657515685,-17.43340305871735,Sad / Dark
Classical,0.48665545531719706,0.33734905661575915,117.99523725947392,0.28975341064674387,0.8762106918283169,1.0,-10.262973419215308,Sad / Dark
Classical,0.5101088410973922,0.2956518821484744,136.20040161670673,0.34215937316697426,0.8826204752774036,0.7744653512101127,-15.323669350650754,Content / Peaceful
Classical,0.0,0.3094841175016699,94.32266975690993,0.4711203997939461,0.8819344070811754,0.6416554870697557,-15.199520616512471,Sad / Dark
Classical,0.19169820468874926,0.3462770381997453,116.1465262015056,0.39494075573299214,0.8009118208305435,0.825101214434222,-20.46008718170654,Sad / Dark
Classical,0.5062690607464486,0.3526419652616171,121.88254058877199,0.28019428376283295,0.9214772890788792,1.0,-16.140377028168057,Content / Peaceful
Classical,0.4049561330678152,0.12794231811460263,83.6886930752467,0.2917375951711969,0.9903933546701907,0.781557876362264,-15.943666117248496,Sad / Dark
Classical,0.30676065598921254,0.2051340660817948,116.259200759847,0.10032908257856268,1.0,0.7201866552805809,-12.112386058247434,Sad / Dark
Classical,0.15140025246910235,0.3736376182764706,126.81444901880593,0.3261042486407076,0.7805571478200208,0.8574322284397115,-19.732224738937557,Sad / Dark
Classical,0.33450261408268667,0.4241178341337457,130.3076539579808,0.281821953104852,0.7825193424077158,0.916838156826129,-14.922475049207899,Sad / Dark
Classical,0.0,0.38956817568431257,107.32148065164861,0.4242941497579687,0.7704729481157195,0.3434944280205999,-13.88366456661926,Sad / Dark
Classical,0.4324814618027551,0.04330597213509674,80.60201271573501,0.6106261292463881,0.8494389385846197,0.9296438464564324,-17.602639309473535,Sad / Dark
Classical,0.0037454782064318404,0.25616384544857324,100.56307231198906,0.23201461135979545,0.8685359164493608,0.8596402407468454,-15.600467805015226,Sad / Dark
Classical,0.15247888976947455,0.34806587081867146,60.0,0.033957105125896,0.9539180494701568,0.8960530408203035,-15.229581460296144,Sad / Dark
Classical,0.12881926914408703,0.18089246830562947,100.64309106477789,0.08849272377110642,0.8060971341976767,0.9178495507265019,-9.290778542843135,Sad / Dark
Classical,0.3045017445214609,0.3859083696042538,60.0,0.3591341489336334,0.7996051585272519,0.8661018425061955,-15.991009672958837,Sad / Dark
Classical,0.6176745217610902,0.15757900923241147,125.57297633173127,0.246459104404416,0.8641694521990336,0.7924219160261186,-18.38269241797645,Content / Peaceful
Classical,0.3774621861367991,0.27122924890294503,114.75472695538842,0.2901406174831435,0.9597994549612237,0.9585262924071052,-19.202493287311206,Sad / Dark
Classical,0.5363790501063388,0.11391290020462039,124.45996486785658,0.35436865416434427,0.6888683108337496,0.8339468869794114,-16.873984453441263,Content / Peaceful
Classical,0.24342225357163252,0.4691193262978608,89.69698406215227,0.18323476850583403,0.8875694940005093,0.9228384619447624,-15.566594344040508,Sad / Dark
Classical,0.5899466982204654,0.3543365926749727,60.0,0.21646396437915905,0.8238157900648301,0.8919041430144133,-25.499268225496447,Content / Peaceful
Classical,0.8388217475691899,0.35434365328518946,112.16855050969535,0.4217881259702976,1.0,0.9506119966882605,-11.20474761411352,Content / Peaceful
Classical,0.4035242044035888,0.26018639452862724,94.67772756786277,0.18086656099425497,0.8112985900300502,0.6174166053485525,-15.303485802740093,Sad / Dark
Classical,0.07675983609925041,0.3067283133801195,106.98274297481443,0.2976322358064026,0.8277868429980008,1.0,-9.559536399278748,Sad / Dark
Classical,0.1559823499847499,0.3126015322397658,90.97582799775495,0.15826243279511037,0.7459927928876064,0.884832503613888,-17.725520940278294,Sad / Dark
Classical,0.5542086843245367,0.41912951003426147,146.46960278592059,0.1777135880711076,0.927536561069201,0.914868132496345,-16.89671270041586,Content / Peaceful
Classical,0.24108104766928248,0.5053328932086363,114.36988452049751,0.3563161300854086,0.7977923988172073,0.6371073300216709,-17.27779909796844,Angry / Intense
Classical,0.35767615026980054,0.13100919904557118,107.72434535778928,0.07737937743178003,0.7679952577530128,0.9206366872415312,-12.584837918888423,Sad / Dark
Classical,0.30946218223036404,0.1375129967292266,79.2327005572717,0.23520781048704234,0.9444518491645292,0.9592368537016487,-16.986126941927875,Sad / Dark
Classical,0.17237136332273892,0.3174981093012867,84.94102082247622,0.21780968333665573,1.0,0.9440673142848651,-14.368102750994193,Sad / Dark
Classical,0.1510545797997099,0.30959551944589225,137.75440414205073,0.23492396010813577,1.0,1.0,-8.345068671426105,Sad / Dark
Classical,0.4349437627756435,0.36223483797284173,147.59724407327053,0.3336872724482771,0.8298765892209787,0.7527185745208207,-14.045780184905043,Sad / Dark
Classical,0.14769894404968065,0.2599437518490131,138.7033193104471,0.01704953786016633,1.0,0.9883561328054739,-16.839058463321905,Sad / Dark
Classical,0.4778103490169257,0.28044068176688575,142.43973031628312,0.39792197713239297,0.7399929276816991,0.9080893620196264,-15.82251141457299,Sad / Dark
Classical,0.394909862693258,0.17805593386422586,156.9478379353834,0.40480741838830914,0.8060228836027032,0.619808408963465,-16.542690523911393,Sad / Dark
Classical,0.458210476296435,0.31362881815247123,143.08771909351083,0.3747903666617023,0.9769569025752907,0.8690283100915656,-20.557194920843962,Sad / Dark
Classical,0.34477426439355774,0.42841256358721325,106.55735800130991,0.34037084423484965,0.8481251684753867,0.6655282227187231,-15.493376256184442,Sad / Dark
Classical,0.43562853974587773,0.18820371927539792,101.40008514401327,0.1672644109616821,0.9919244917564096,0.7758316363617949,-9.188977819495268,Sad / Dark
Classical,0.6551746130973635,0.2686535649389559,79.7634354886742,0.02969225467199954,0.7327962926973208,0.6139247762652009,-9.48612149015398,Content / Peaceful
Classical,0.4008484257008503,0.3345446333728783,60.0,0.13624402849392864,0.9687079776446287,0.8630161168573879,-15.58882111474239,Sad / Dark
Classical,0.48167162454802204,0.5090116928590142,101.81081102096259,0.28832437631896835,0.8992596918731305,1.0,-23.397425057676102,Angry / Intense
Classical,0.5029801426619854,0.2639276851737311,123.86960833315703,0.20111529352063312,0.875103496914155,0.9267115869198242,-2.548359195824636,Content / Peaceful
Classical,0.5254465140923729,0.1612708162757288,96.1347289033643,0.22559030699393753,0.7004356827369985,0.7704864712447843,-12.06868367271302,Content / Peaceful
Classical,0.1506382185661769,0.426787571147083,121.65769499036146,0.1918920013634755,0.8658470362662153,1.0,-12.065808745976536,Sad / Dark
Classical,0.38158105788166663,0.24672433562546223,110.14505397264647,0.2185883730469236,0.6695250494280985,1.0,-14.378700003202393,Sad / Dark
Classical,0.4516665077220567,0.2718929150172328,87.41672957971153,0.2576890622861475,0.7200605237805688,1.0,-19.938047993689583,Sad / Dark
Classical,0.1942460689075077,0.21836371138590396,144.06612029586657,0.28174107991151853,0.7563864203969537,1.0,-12.075997492858075,Sad / Dark
Classical,0.47691829229896143,0.3802027937639177,175.04213321630863,0.5422113874043335,0.8113284656996704,1.0,-13.467327240964398,Sad / Dark
Classical,0.4698372469047949,0.04308208356993401,103.22919856913052,0.18246116915961225,0.962805881489331,0.9806620750604207,-23.297945404065246,Sad / Dark
Classical,0.37603372447923133,0.43706061067119534,102.77298905522355,0.3674876374002838,0.9151165467627084,0.871249034792894,-16.08525991227319,Sad / Dark
Classical,0.1610154552555723,0.12298577936049618,127.86187040474888,0.282334990662266,0.8661487755392775,0.7564164936516471,-16.220755381923006,Sad / Dark
Classical,0.5684441230078651,0.2330658285384763,70.45018802755607,0.3692382130648208,0.8595123336135283,0.8247093798299164,-8.569686774401958,Content / Peaceful
Classical,0.3762990996769087,0.3204857142366216,74.99014224364689,0.2536396657178848,0.9409526045208602,0.5866939399238136,-14.196619627537162,Sad / Dark
Classical,0.39814239307606514,0.28578024378224154,137.0404491624308,0.3201326217818226,1.0,0.6709615726608945,-14.456301731126608,Sad / Dark
Classical,0.3952040215501905,0.1303043708742888,134.77626005855768,0.5589607967023382,0.8782993925516169,0.895753163241065,-14.661926096738691,Sad / Dark
Classical,0.25155475941670835,0.02509356110771771,88.23834247332978,0.11296499428579226,1.0,0.8027335459115141,-16.38367731618868,Sad / Dark
Classical,0.5400476884618051,0.1229548456001757,86.52780693587253,0.28816867230983456,0.9828768991423481,0.8952527567753181,-14.006699429936472,Content / Peaceful
Classical,0.39406119234248294,0.33603301977374855,113.64628134361914,0.15640332702676774,0.8846079221633152,0.6589467011623371,-14.675669828396705,Sad / Dark
Classical,0.29348337053211654,0.6355134271896006,106.88295725495206,0.11149125204860938,0.8665819789323076,0.8979038118456831,-8.306544215389906,Angry / Intense
Classical,0.2738985680110307,0.05846008363669042,130.87143632006746,0.1143281552920419,0.8363844558492515,0.7813569271733508,-15.278533813200433,Sad / Dark
Classical,0.5040496022733805,0.18429120047990574,100.3355809393307,0.2782875576460734,0.8949597957518788,0.8346740762061884,-13.255976899109681,Content / Peaceful
Classical,0.5318911117355127,0.3349687761911356,120.70039465825812,0.0901332199904227,0.885022769916568,0.8919261322002412,-12.084235221718199,Content / Peaceful
Classical,0.25537686063791704,0.18773450151558974,91.92518109205925,0.3443696679869612,0.9833881054924208,0.7588809839062597,-11.368150745491803,Sad / Dark
Classical,0.40222636564962694,0.26259999119725896,102.08124156509687,0.3695933637522589,0.912557781678707,1.0,-18.408898571989297,Sad / Dark
Classical,0.4732583063653956,0.20591185862638822,83.65996436431797,0.27869594355580335,0.8937352479407036,1.0,-15.736583262732807,Sad / Dark
Classical,0.176567828692757,0.31822150044921405,60.0,0.26896518608748815,0.881602528229516,0.9391900574417816,-11.105511002288612,Sad / Dark
Classical,0.2893574685966109,0.2589140379518094,86.54861674290122,0.14463249342307677,0.9109894779380635,0.6289621677105101,-16.658507602287454,Sad / Dark
Classical,0.20086868721813728,0.3569556460806364,158.44004277946166,0.12380944206360028,0.6946981517102431,0.8012669671974898,-14.937208816168967,Sad / Dark
Classical,0.4193586752163136,0.21751512786719174,102.38209963288791,0.32410124926487227,0.9840430892644839,0.5267426844522576,-16.475757756125848,Sad / Dark
Classical,0.4184855829093914,0.15148334535449698,156.47274968948437,0.2037508143725516,0.8758707312992717,0.9034033145263436,-17.36513915520758,Sad / Dark
Classical,0.04761685139520494,0.21998836623168536,136.82433556595714,0.23957258478578342,0.7953565698541021,0.9588508314254082,-16.323099584092212,Sad / Dark
Classical,0.2881710535429609,0.30092385255286336,129.58100586932605,0.5658056238079056,0.9627236107657423,0.9939759949582516,-17.02386479595142,Sad / Dark
Classical,0.19534374092549428,0.28872638894667724,111.0007576272687,0.15057847103624836,0.8624705470095987,0.8798976402578695,-13.55842641992768,Sad / Dark
Classical,0.47077181360916903,0.32073506221924203,93.80375754043844,0.21833192480213884,0.7601048602006124,1.0,-14.946198541522827,Sad / Dark
Classical,0.33952644995692666,0.1499691085966558,190.19842126517779,0.15120063613325258,0.8371152074393926,0.882375525442909,-12.599148137022889,Sad / Dark
Classical,0.5524277699388231,0.5330651910876969,122.17241435289995,0.1532763040039999,0.8543054874878219,0.8661748558770827,-6.727095833976705,Happy / Excited
Classical,0.12839501388362656,0.4483607107315319,113.03760234729967,0.3805396642275377,0.8698005283364068,0.693635105481051,-11.996508882394672,Sad / Dark
Classical,0.4977975848790118,0.4160879752035611,107.62747020939821,0.2080213572016181,0.7241213004976158,0.9429059902209109,-13.304442070224056,Sad / Dark
Classical,0.20615912608448733,0.20459968573847265,94.93075326535967,0.10204186816210986,0.7982317603394866,0.6499254464790468,-16.64991604755175,Sad / Dark
Classical,0.24703445030067872,0.052219311078655184,164.63252645594548,0.4303048877235077,0.8020980578480015,0.8608632094980414,-13.33013964071482,Sad / Dark
Classical,0.5943954538592258,0.165395296267589,138.57898995150794,0.21425136349516782,0.7464137595831386,0.9286204838971746,-9.836966303510287,Content / Peaceful
Classical,0.8458236152355232,0.11203846288737013,127.56975118226208,0.23082385074477607,0.9583358710524031,0.5994265673153124,-20.051079102794255,Content / Peaceful
Classical,0.24034253183003293,0.29105496639353184,90.04972453692605,0.3590865212696104,0.9826894618257914,0.9099366311868033,-8.524849441356528,Sad / Dark
Classical,0.4548487933019617,0.1096344605523766,146.1745423790735,0.20738125172728034,0.971041849968557,1.0,-13.173247957078404,Sad / Dark
Classical,0.11069141363036306,0.1514502966886292,145.0368450727838,0.25970527772286206,0.8879573534942166,0.9338236624245413,-12.214708551678706,Sad / Dark
Classical,0.43018396622938293,0.2507864280291348,99.245283519494,0.3829478590349612,0.9353569531067794,0.7814049999073315,-10.671550748027437,Sad / Dark
Classical,0.3567738592766389,0.16076729559318495,86.74882043070635,0.1625510996428281,0.8527589983396313,1.0,-18.220380724122034,Sad / Dark
Classical,0.4139256369832585,0.18806349161216218,100.71134684439974,0.09879505456176976,0.8579461770843463,0.7909441930292557,-12.83884822385722,Sad / Dark
Classical,0.4201905643859667,0.11222510250671366,138.3575508332192,0.30523636482663946,0.8998393517177486,0.8186226469922291,-17.07102978888888,Sad / Dark
Classical,0.4192044211547707,0.34658238103000155,60.0,0.21534869951846855,0.8545053029596411,0.8584255908541417,-10.226755976291496,Sad / Dark
Classical,0.2410866533725792,0.21028534144550215,93.6490449018966,0.18381668918745503,0.8452813504887737,0.9356203329981956,-19.21534198145738,Sad / Dark
Classical,0.45700659112752257,0.04173368779743303,92.28253609961823,0.2404612839738417,1.0,0.7787796542870967,-23.804973893803673,Sad / Dark
Classical,0.020199996764975026,0.28476414208853534,125.18558396211745,0.3250547029152704,0.896757010580099,0.99433893962585,-17.158364882948526,Sad / Dark
Classical,0.5410839000848285,0.051517916096301575,82.66146067773414,0.06315503260818209,0.8525154699330207,0.8130608174100485,-14.543594031093921,Content / Peaceful
Classical,0.39113900351968434,0.1501425336863581,102.67325635642996,0.1003063997673102,1.0,0.7744560890652998,-16.955544476174765,Sad / Dark
Classical,0.6660092591199349,0.10608548530310793,76.48356080710487,0.14845356101577223,0.8732128618300519,0.8847447444456396,-12.041298127528666,Content / Peaceful
Classical,0.8429591571490944,0.0,125.04459649548367,0.21314433129133228,0.8213584851111226,0.7270341807619183,-18.635078683231892,Content / Peaceful
Classical,0.6832144702286214,0.3979216257819464,108.6494873996065,0.44212189029844007,0.7287471034701124,0.620394230300361,-23.71187092877875,Content / Peaceful
Classical,0.25410538277780825,0.30263779373866545,110.88004018210535,0.29792102932718567,0.7388943168933918,0.9404732113921033,-14.041489927044008,Sad / Dark
Classical,0.5119497706638797,0.015013295137392746,116.72174404633812,0.1374681712098968,0.8402676747448639,0.9001547347954575,-14.635625574976347,Content / Peaceful
Classical,0.2267228036397226,0.2808782418658186,65.11701117317799,0.4180320875077955,0.8594715980503749,0.9877824916382989,-17.10612674838417,Sad / Dark
Classical,0.28575632208681506,0.1730138498707015,132.5328700874061,0.19486826112058292,0.9444595432415177,0.7626321403496065,-22.903853199566477,Sad / Dark
Classical,0.2773434677984361,0.11492484998920127,108.94927626310545,0.1371510717190612,0.9725975100714617,0.8063386209470459,-15.710383979034956,Sad / Dark
Classical,0.49806058480176485,0.4149469707706208,107.43723495044975,0.18745596405408516,0.702603038388787,0.7170925364447229,-17.468848986591848,Sad / Dark
Classical,0.3992703415386134,0.23167943664067622,127.26212321743999,0.20644200744751728,0.8742958833147059,0.9975981164795333,-13.632699144180133,Sad / Dark
Classical,0.3691932424960584,0.19572777812907521,90.26952089198065,0.17792640964576628,0.8258993134217101,0.9333498758116472,-15.887553085169074,Sad / Dark
Classical,0.1370408475113784,0.5275437010283697,116.95902535206457,0.11116679193841972,0.8358151072759176,0.8366329574242626,-8.181631626810493,Angry / Intense
Classical,0.18053975751340354,0.41664570070983253,147.1856199552256,0.20456148339105162,0.8522486381139767,0.6645536128939344,-15.813844564321219,Sad / Dark
Classical,0.3734138046182724,0.3723509997315319,138.5251371885725,0.19022847224540237,0.6832674935774006,0.8168132831085636,-13.825849880125437,Sad / Dark
Classical,0.4248951837833075,0.23426574534873387,111.49305879059017,0.4618533770022697,0.918173416896251,0.7639947362495373,-17.000791268383985,Sad / Dark
Classical,0.3494265756180085,0.5091435946562897,102.86758013326647,0.27762467865751506,0.8317686429063698,0.9848475036162947,-7.1606509810213,Angry / Intense
Classical,0.4611103488976499,0.29158820652995965,109.02991932887858,0.0,0.9545150864284817,0.8401249623993765,-13.2866317973571,Sad / Dark
Classical,0.25193680506493316,0.2261760369432072,96.49130177791116,0.40259475808876466,0.8421240163396907,1.0,-13.276550323939851,Sad / Dark
Classical,0.15037712120076832,0.26200351894472607,89.75309657962036,0.016674103621597103,1.0,0.9254713813330006,-12.86717072840275,Sad / Dark
Classical,0.40977265885394676,0.08651754038305873,94.45872009244778,0.38101369297408155,0.7748779970217498,0.4402346025623779,-15.908424031123705,Sad / Dark
Classical,0.3544836402750431,0.2989788782980593,128.39852201840702,0.35651269746774505,0.9058769805243921,0.9993297082130064,-21.07587912325326,Sad / Dark
Classical,0.4708247266059302,0.367715370867172,73.2922559897533,0.0996555269581133,0.8054057873524398,0.7207687836227061,-11.986322145990277,Sad / Dark
Classical,0.2693830189356029,0.16011120744063145,90.87425537255234,0.4142358800985054,0.8813043374376952,0.7931123461964632,-15.440021994804205,Sad / Dark
Classical,0.612570860178774,0.17511595827554616,144.8342321463229,0.30525955587058046,0.8639580618024653,1.0,-19.222557959194386,Content / Peaceful
Classical,0.3163365632779389,0.10745962651703997,134.66893517501273,0.4827026720382015,1.0,1.0,-15.790481871183863,Sad / Dark
Classical,0.31425662405182764,0.04603623185083089,165.0044589850902,0.33627736937781616,0.8308043095130517,1.0,-18.891058067040003,Sad / Dark
Classical,0.45319196616008134,0.25583192119928316,125.88295991664843,0.27237117529766547,0.7349072108888776,0.8313364559005056,-10.804543432498551,Sad / Dark
Classical,0.3747410469462827,0.3885161170224721,78.72517440112651,0.27684870480761775,0.8175489544911423,0.9320471260157064,-14.874033750952018,Sad / Dark
Classical,0.5042132617405902,0.4322794596621013,127.36532010339887,0.3127742121152373,0.7801787741488595,0.8195820833999647,-17.132361608063334,Content / Peaceful
Classical,0.3180684877932392,0.2275652188949649,80.56208390609716,0.04511936930392124,0.8131856951672233,0.8490069177886238,-20.39270818170996,Sad / Dark
Classical,0.3828228025648924,0.546037579403535,136.6455835470627,0.47722498109446354,0.9191127876932726,0.9951264734479668,-17.89585892187115,Angry / Intense
Classical,0.26401875193604285,0.0,141.2120732731844,0.4648388775783864,0.824682275465273,0.7819072440404147,-18.015448454763845,Sad / Dark
Classical,0.4488776392659485,0.43749055634245376,60.0,0.3291326236770703,0.8523328228280854,0.8370091587950034,-13.164023993302836,Sad / Dark
Electronic,0.4661235610208922,0.8096413146594219,125.43349798934433,0.8370316201788282,0.09350079681019972,0.2641167075474722,-8.041903442184566,Angry / Intense
Electronic,0.43185564622163225,0.9098669160339173,128.4523588774871,0.8059531469589138,0.2013209440262107,0.4277212138417633,-5.3136833246005155,Angry / Intense
Electronic,0.4080219493647691,0.5646450403944101,125.97938093032577,0.7073987504183151,0.09122929555163005,0.1892189546050625,-6.140770118873589,Angry / Intense
Electronic,0.1797081925087003,0.7260032170849933,133.71981248960668,0.9115907631132695,0.052197969300350124,0.2855622147148247,-3.5950436860943893,Angry / Intense
Electronic,0.35403909148395507,0.8566814043285442,119.1141187240141,0.8264824438491012,0.07211224383613861,0.27969036279628795,-7.065197194837178,Angry / Intense
Electronic,0.6272658247299413,1.0,115.90505965486153,0.7060240992352476,0.07852859793344735,0.3772812423991633,-6.619092570578938,Happy / Excited
Electronic,0.0,0.9559189494164024,137.12607343500972,0.5657052469513335,0.011394496657635526,0.5336364859054652,-2.604407163084268,Angry / Intense
Electronic,0.66895520408221,0.8023887566040137,128.99584902575012,0.7269074194873874,0.150259182661507,0.04483151870097796,-7.111599309768409,Happy / Excited
Electronic,0.6818494256304828,0.8155638544488438,144.5416082654457,0.6728487793019454,0.05561773117289399,0.035517403031209344,-5.485274637152866,Happy / Excited
Electronic,0.2338615513402162,0.7712366579045037,110.76495362086258,0.8093923233191258,0.11732714718077214,0.0,-2.8322285089988544,Angry / Intense
Electronic,0.9495347227555737,0.8246006386736341,120.30662887730426,1.0,0.0,0.22402129337381968,-5.140755454736153,Happy / Excited
Electronic,0.7421265716814346,0.8559738975126788,122.01639325053858,0.6448815629612044,0.03265425438030915,0.01861452781097117,-5.4043493604306345,Happy / Excited
Electronic,0.3984446876251124,0.6705962206710249,143.06174946049885,0.6902327476570961,0.0,0.1863481731024917,-5.363256868064682,Angry / Intense
Electronic,0.18563598939577397,0.8531647667125762,115.43410917571683,0.9111028809190788,0.10191684096613879,0.1400200019781367,-6.990335540634701,Angry / Intense
Electronic,0.4811058126385477,0.881279074158329,127.6940704569776,0.7182841192863143,0.06466962326543164,0.09922821375260907,-6.186411853686075,Angry / Intense
Electronic,0.1245573609970993,0.9173726230852367,131.58557336386113,0.6626544155966569,0.2118987985084191,0.23740329607847732,-7.572287143950394,Angry / Intense
Electronic,0.6542127358646825,0.8598048216509262,132.73495982581062,0.6974244395348409,0.09603965790224278,0.1676483419557811,-4.388117096708315,Happy / Excited
Electronic,0.15710999827808503,0.776612653702081,148.66586117369835,0.6632932544599699,0.011692936200545068,0.13040773231000496,-7.929612271777287,Angry / Intense
Electronic,0.10250946027891461,0.7969413601476387,129.63031308897988,0.7347494931461348,0.04840971504416905,0.22860817417007753,-3.454317056898472,Angry / Intense
Electronic,0.465719686532741,0.762591742291273,124.62649418134296,0.7979346759756776,0.17296215028345996,0.09437125216616432,-5.302132425942233,Angry / Intense
Electronic,0.5609043395484727,0.7207421993271177,128.24500600655503,0.5934326142657904,0.0,0.2933492815784514,-6.267749482661566,Happy / Excited
Electronic,0.5364104733718195,0.8182105022991649,116.28319941603444,0.7354745698035663,0.0,0.4981944716002802,-8.211940689719928,Happy / Excited
Electronic,0.46475865122565535,0.7157728411952751,134.84505408032953,0.7068568628718497,0.01850666243030319,0.3906403090103109,-5.441138816644895,Angry / Intense
Electronic,0.5929960002684741,0.7218674063482535,111.14219667286991,0.7507207962040133,0.034492291560421495,0.34528693449078884,-5.6598169053250995,Happy / Excited
Electronic,0.5369135610622334,0.6576617470058757,150.66124327537108,0.7235758014967968,0.11580695762713591,0.0527816659560747,-4.883980195565318,Happy / Excited
Electronic,0.26548794256554586,0.865206783825967,123.72831098737001,0.7429190503935568,0.1158379224104078,0.0,-6.868983461225594,Angry / Intense
Electronic,0.5823183705956178,1.0,126.34301198406222,0.7991136117923933,0.051442282411321594,0.60844911895126,-8.994443333930512,Happy / Excited
Electronic,0.5170317880404844,0.6574455966437939,97.9211411535594,0.7697462053117816,0.07115982369179671,0.16303261245155973,-5.712388180079507,Happy / Excited
Electronic,1.0,0.7941824861968565,134.1214923350009,0.6750635180386119,0.08361860600324825,0.1723532649888765,-6.32103696545946,Happy / Excited
Electronic,0.8274017357960585,0.9377184963184338,129.64095976879076,0.5095788064056033,0.031119262139794424,0.7606055128810167,-5.961323333279417,Happy / Excited
Electronic,0.6985791629696585,0.96419424019526,130.6275669902717,0.6558178368131847,0.0,0.3568326417217909,-7.129512005647096,Happy / Excited
Electronic,0.5317070813397846,0.6950179660410636,124.81714951435757,0.7433719054901053,0.08148748648354383,0.0,-3.1061781024772954,Happy / Excited
Electronic,0.39255893874824516,0.6525530539546754,126.69171896043844,0.743437530902646,0.07284715465374078,0.4924264807370159,-5.972897673471719,Angry / Intense
Electronic,0.47846846761362116,0.7096815618766906,137.84664203465476,0.7584309064078103,0.026397781816466993,0.0,-2.611175609889825,Angry / Intense
Electronic,0.27901760639790973,0.7608721990630294,132.30013413291204,0.6203442071383314,0.0,0.0,-4.058006094188729,Angry / Intense
Electronic,0.40186647594926206,1.0,116.06773921242952,0.6478548976571079,0.01476856237716788,0.2686269310276978,-6.440406677570623,Angry / Intense
Electronic,0.6102197985204522,0.7221411610011346,111.42089937843703,0.5601785260590892,0.0,0.11638619610498864,-6.101960624786444,Happy / Excited
Electronic,0.38634133505302704,0.9443405797187161,142.73636251529763,0.7065197012555497,0.0,0.10665897838898944,-6.699642787834123,Angry / Intense
Electronic,0.3817157067899496,0.7502281096101755,120.15844525130231,0.701345838410224,0.009156712094755465,0.26166450172511846,-4.779262568190278,Angry / Intense
Electronic,0.33608388430715186,0.9471065326007033,116.23925237791263,0.5782199386184663,0.09046224570920414,0.05651837311713204,-4.857417058485224,Angry / Intense
Electronic,0.06733965180190454,0.9592455941483067,136.06752089648484,0.5899523450836999,0.0,0.5544531808195056,-6.974759806995917,Angry / Intense
Electronic,0.3498467272281277,0.5933947905850716,123.79066153278134,0.7172280385164247,0.11723944774155881,0.0,-8.54057358448122,Angry / Intense
Electronic,0.5811732742597658,0.9206730071227065,109.1461717865854,0.8481514086299742,0.06300334731894572,0.4383610678149291,-5.640440723035233,Happy / Excited
Electronic,0.045989974852168936,0.8048032617683961,140.72172582405523,0.6506253980916286,0.02896280248740382,0.18477329928980435,-11.299027759736964,Angry / Intense
Electronic,0.8008425635787457,0.7298624320102824,134.0688251896736,0.7313298863851792,0.16060952450874882,0.3012112244856162,-5.969848543041949,Happy / Excited
Electronic,0.33916728334652957,0.8997850701382138,105.5187043525446,0.8045890420275892,0.0,0.470456732391328,-5.177400914674609,Angry / Intense
Electronic,0.6159422782130196,0.8281988813824719,106.97147485830804,0.6539270836604661,0.11379114700891059,0.2533311634719688,-3.138020189388656,Happy / Excited
Electronic,0.5725894213466909,0.7233298109297339,118.44723034735239,0.7502917390523237,0.0,0.5546883771245971,-4.616506527244885,Happy / Excited
Electronic,0.720866227468797,0.6619396059190831,142.93478192426306,0.9631498911027748,0.0,0.3742803589807533,-5.497780110625413,Happy / Excited
Electronic,0.22200190731531605,0.8692883971851869,138.00323845804817,0.6798873447331153,0.15327332162041785,0.0,-8.489512292899288,Angry / Intense
Electronic,0.5245875312059755,0.8225385277972271,119.40111813891073,0.8209594435971885,0.10247154513727594,0.3916278141868032,-5.746272870704535,Happy / Excited
Electronic,0.6084644482361014,0.7754349696970005,152.64582428103915,0.6587454229878014,0.228423794356665,0.2269775894178817,-8.251021779137485,Happy / Excited
Electronic,0.7462542830879482,0.8325901388394958,138.21348918056285,0.8623855918542593,0.08703644433160201,0.10155183103743708,-3.5485732446614997,Happy / Excited
Electronic,0.5001359913418272,0.8885857818608418,102.15523311450247,0.7846981717009852,0.008913133988397583,0.5506619274357061,-4.2538253042218095,Happy / Excited
Electronic,0.5431743942528734,0.8686309993350221,116.01870976547939,0.9023256690528054,0.21930963347335236,0.29858270210964327,-2.3191928628527227,Happy / Excited
Electronic,0.3975533242389439,0.7402886433775019,128.4910969847471,0.7834941038367899,0.028481065500550365,0.32755363807369675,-4.887221035853172,Angry / Intense
Electronic,0.3203047804476101,0.871879301745172,138.36233891025825,0.7571469317590391,0.1522118482609354,0.0,-4.564099155736296,Angry / Intense
Electronic,0.28934947284858054,0.7085918641766912,120.42882999514651,0.6457939816425755,0.016160334500708973,0.17716993785776225,-3.825691027337231,Angry / Intense
Electronic,0.44219137303297357,0.6614374293230407,141.68081415794194,0.656290986638496,0.0553023658316297,0.30930730138814233,-5.100779163194434,Angry / Intense
Electronic,0.6969523185538655,0.8679003143392758,117.6642850436347,0.9578562173991662,0.07554667706705866,0.19053195467569875,-3.572149153888858,Happy / Excited
Electronic,0.544901170267413,0.8599228192939327,157.90620798320825,0.7124878571744954,0.034579128478608334,0.24331570240249276,-3.3569681288379227,Happy / Excited
Electronic,0.22882387456572817,0.6234444108523494,120.95461675255822,0.5766077040940712,0.02601349219794892,0.32049993922585807,-7.281497727104528,Angry / Intense
Electronic,0.24317121617935838,0.8269337161715348,138.35052181538205,0.5705026561483387,0.1256185918644787,0.38346124074766524,-3.5918297956867438,Angry / Intense
Electronic,0.7193264386769036,1.0,123.72689541657134,0.7509571580077858,0.026684925340157956,0.22039536895116216,-2.4342532887273762,Happy / Excited
Electronic,0.2578973928924796,0.7338950327834424,144.52617123805473,0.842003650690209,0.03094946825463376,0.39088040022414394,-4.817568315015934,Angry / Intense
Electronic,0.7700494296201779,0.8274509593826772,140.307585366471,1.0,0.10784793240379731,0.22986563315896874,-4.055106029558042,Happy / Excited
Electronic,0.4342494455233007,1.0,130.16085245235178,0.7127066679774487,0.0,0.43944403832128764,-3.7656251743445224,Angry / Intense
Electronic,0.41047621314546323,0.8776451345122422,109.89732838144573,0.7584970575073157,0.09622050816613556,0.5614659619118446,-7.041637605457379,Angry / Intense
Electronic,0.2698965268155816,0.7304572039074958,111.96117799622095,0.8736657357758983,0.18389114360192294,0.2840433155897658,-3.057410108629704,Angry / Intense
Electronic,0.5241125085044424,0.8104888352299233,124.00354857135486,0.7089609008622434,0.0,0.2728509527214678,-5.580667820428087,Happy / Excited
Electronic,0.6341649303340177,0.829352349643861,126.0475555811709,0.6528806969992369,0.0657722589457409,0.3676474461632324,-7.7866779821677214,Happy / Excited
Electronic,0.515745275662533,0.8433042951529484,119.38322259658082,0.6812143695092,0.07844886790129715,0.0,-4.800152569501215,Happy / Excited
Electronic,0.338836212741344,0.9262853693033216,156.0539329446596,0.653924319829818,0.10273662898997397,0.07465161902359613,-3.418091652404421,Angry / Intense
Electronic,0.2722534863646613,0.8680586758427712,117.52413239732778,0.7193015410901631,0.0,0.38447009417915073,-7.173960708879174,Angry / Intense
Electronic,0.5993535666797289,0.7855901971737667,126.62633153841364,0.7547755907400129,0.0,0.2620734227081774,-2.439330871291178,Happy / Excited
Electronic,0.3599429385501114,0.9371810143273844,145.9771716018534,0.6583845010971956,0.0,0.28039218003435296,-6.594815045533746,Angry / Intense
Electronic,0.8363485794493404,0.8234807540499832,118.37360710357785,0.6252840488988288,0.14719239672726642,0.10576320518316269,-5.412342401079144,Happy / Excited
Electronic,0.6720444941202466,0.771574164806917,127.44885405511808,0.7383431590177479,0.11466596092128735,0.33814886710206515,-5.940227462509657,Happy / Excited
Electronic,0.5114568310693732,0.7828220988476511,110.26865111696667,0.7657600857398129,0.21137534086664542,0.04325617186178743,-7.046059419205406,Happy / Excited
Electronic,0.34326900110412656,0.8924591778723122,133.38182545035727,0.7241462307583543,0.0,0.23847535832798486,-8.629244254671608,Angry / Intense
Electronic,0.5258167820343488,0.9071524386087934,112.98561036039587,0.5867481723170336,0.18635503133558876,0.09764807209908302,-3.228104308112356,Happy / Excited
Electronic,0.4722804202643903,0.8038045183058672,133.26095239395974,0.6516001143253559,0.07059977147965164,0.14370211703518143,-8.140986886810063,Angry / Intense
Electronic,0.5607467734507519,0.7936692193122084,126.1157020586635,0.6189839056585842,0.18731202942102432,0.3953428372772232,-3.5716882316560428,Happy / Excited
Electronic,0.44501995356049723,0.647081711049658,151.43500858987414,0.7338902491994131,9.601631839569608e-05,0.3033603148966228,-3.165758423993405,Angry / Intense
Electronic,0.49585089990461606,0.9478575167939374,140.99599926220242,0.6323618812597942,0.006096791547241888,0.41150743265595346,-10.925225127620877,Angry / Intense
Electronic,0.473097975230302,0.6769168798375328,122.2813543827977,0.7101179910970796,0.03134044976739936,0.10954774957747829,-7.694287299257628,Angry / Intense
Electronic,0.9125440280273635,1.0,114.0552101569246,0.8982116751303567,0.028042760762171763,0.24583749466634208,-5.626547919793832,Happy / Excited
Electronic,0.38124524457428616,0.9183852343606146,129.5106383669199,0.6923448576780759,0.0,0.0412809972561759,-8.782760231204193,Angry / Intense
Electronic,0.5022002387147305,0.7003334407715603,124.8132738497775,0.877010185361037,0.15594396583372686,0.21354462117947645,-5.6741694522863,Happy / Excited
Electronic,0.8383774188957814,0.872075612035871,124.06632248148172,0.5973981882879548,0.09150985745317947,0.3858647545165725,-6.763303049027288,Happy / Excited
Electronic,0.5524164959248459,0.783642670508497,125.79161120961197,0.4912177942437669,0.04225748770270916,0.4138738604816109,-6.762805111133116,Happy / Excited
Electronic,0.509454746278757,0.7444049293308079,132.32530011551327,0.7183476802463826,0.0,0.48651029353302555,-3.64213597293557,Happy / Excited
Electronic,0.3911167824929285,0.8697788309417777,134.44894403384455,0.8042301235011176,0.0,0.4213213082065256,-6.639397925851463,Angry / Intense
Electronic,0.43559097198057195,1.0,131.62248056865215,0.7013677524552824,0.0,0.4979528267892711,-8.190419341617204,Angry / Intense
Electronic,0.3193809973700894,0.786864770091215,144.99694150040352,0.8173239986665759,0.0473729992127792,0.2816584127277642,-6.700771385742211,Angry / Intense
Electronic,0.5251376641217631,0.8273336744778136,139.62523874817623,0.836717812243895,0.09951819057645159,0.14753048849077954,-4.016355411219747,Happy / Excited
Electronic,0.4834456760834516,0.7118085631286867,123.16054649706874,0.7484526983784324,0.13281726269317962,0.18329436556856937,-7.918397422479212,Angry / Intense
Electronic,0.5102135029934275,0.8313456040056552,130.23005154683304,0.831987151595443,0.1415138592071919,0.10115782552366667,-6.732286916097887,Happy / Excited
Electronic,0.31276423202801484,0.8898815670280475,145.3858413000526,0.7084918072091076,0.04068555482200055,0.5133565113797952,-4.488884293569985,Angry / Intense
Electronic,0.5785224268641899,0.7009083494026273,136.14473683135301,0.6470863659490241,0.0,0.15064568464665756,-6.67158544689738,Happy / Excited
Electronic,0.4601120550106929,0.675901836547508,139.50579567761207,0.8527686294516429,0.0,0.4156915611333101,-7.121057259643253,Angry / Intense
Electronic,0.6542555966569015,0.8131553507333584,128.345306768972,0.7214902350578781,0.1569703363386789,0.0,-4.284319322529983,Happy / Excited
Electronic,0.6982394296801191,0.891634008054041,155.89638697188101,0.6871053237275301,0.1365843858074825,0.19878187293171592,-3.033187847294661,Happy / Excited
Electronic,0.4986159807701535,0.7812124218137529,143.67286644645955,0.690843806098107,0.0,0.11663062336523429,-4.261934106822935,Angry / Intense
Electronic,0.7505669752856765,0.8311129375296512,143.8183648068083,0.6041825078522406,0.024538922814567765,0.16228497656917976,-5.729118854945039,Happy / Excited
Electronic,0.5151369898850354,0.8890910957392192,122.66231794195411,0.7539028686953125,0.05639016877407586,0.03482201922177,-5.727333378162871,Happy / Excited
Electronic,0.47414128461851873,0.8034919434996953,128.3811134789774,0.7475673540613386,0.025416385671413577,0.474542946794253,-7.838961258406034,Angry / Intense
Electronic,0.37022538047541864,1.0,115.54410374012924,0.6046245325290242,0.11875813960009743,0.0,-5.970547819944878,Angry / Intense
Electronic,0.8862484865137679,0.6655064077846599,104.21642617113544,0.5900818798042302,0.13186876546775883,0.4449553439971625,-6.525177593957018,Happy / Excited
Electronic,0.6229782327201924,0.959025532751199,149.4481569731579,0.7153664718820152,0.0,0.05582421551806263,-6.353608389870515,Happy / Excited
Electronic,0.4533910166158897,0.801214059899128,141.42673517516803,0.8674428426687582,0.04626610768601733,0.43969697521036377,-4.7846772667378215,Angry / Intense
Electronic,0.5116110751152629,0.9106544157109964,128.867024578855,0.9457811177097762,0.0,0.11696582018159644,-5.7530377939079,Happy / Excited
Electronic,0.5791014842824382,0.9467960487103089,127.70721719316612,0.5977770350493793,0.12740111171640034,0.3709917532283929,-9.383717318758812,Happy / Excited
Electronic,0.49931525593925613,0.6609858169319701,120.02418682997525,0.6497191073037201,0.12474117585935886,0.24336603483443675,-8.071182001512055,Angry / Intense
Electronic,0.6584118733323217,0.6766194176071585,131.96136548565133,0.6585989330708444,0.030745833397558407,0.3208541496076768,-4.457101201880942,Happy / Excited
Electronic,0.7406544332400729,0.8117746300328547,131.67741035556008,0.6962262677595675,0.07455919060982381,0.30789720960170236,-5.696619694908752,Happy / Excited
Electronic,0.17532491286335067,0.8531470896330895,132.37473772826547,0.6719826523652049,0.0,0.5151758301007932,-4.517108978211196,Angry / Intense
Electronic,0.45876541443409224,0.7062967116852512,118.13822205894385,0.8702590396786232,0.07101295526944368,0.10988258659985868,-4.480621537550688,Angry / Intense
Electronic,0.35340832625966173,0.9700843030280378,144.2336064187607,0.6933425928797223,0.009706380237531169,0.0,-8.463161543102736,Angry / Intense
Electronic,0.2588954405076039,0.8335190340987385,124.08519554670369,0.6054664512584759,0.037506876602835415,0.3210674295294697,-4.444321300168825,Angry / Intense
Electronic,0.1580593494454014,0.8071736519516168,111.39991067634068,0.8301728697140274,0.12273171330827988,0.04039455473510831,-7.032090404800799,Angry / Intense
Electronic,0.4169719309103047,0.594720660526866,132.03161808128692,0.7127155453659869,0.13761400660542872,0.0003181564074894727,-6.738245896499864,Angry / Intense
Electronic,0.22882545355295925,0.7195709436505746,113.81621604718137,0.8395973678846446,0.0041390520998886154,0.2448351369489227,-6.261526807723609,Angry / Intense
Electronic,0.2714962521176937,0.8031699576828357,135.18923998236315,0.6192240607456647,0.1247290232585103,0.05005581570446074,-6.465967852145681,Angry / Intense
Electronic,0.5955229621418086,0.7536563842780512,128.45089831203038,0.7085309171211908,0.07034944053630549,0.0,-9.159363630416166,Happy / Excited
Electronic,0.6108740610884309,0.923718140564905,117.07415955762174,0.7155971647828866,0.08357754023218412,0.35864352033174085,-9.555354543341696,Happy / Excited
Electronic,0.34051275554389215,0.7867420620150125,136.4376823668326,0.9898430483721494,0.04175954185522257,0.0,-4.695463845597404,Angry / Intense
Electronic,0.7377792421173278,0.83080141209795,117.12021745814849,0.8357993941480019,0.11308364947987479,0.014783831160875116,-4.737148764931316,Happy / Excited
Electronic,0.6795078021785971,0.9381890042558894,127.20261229628653,0.7041920553820681,0.158181905766501,0.0,-4.622841418157989,Happy / Excited
Electronic,0.2533952070744028,0.9265376272259602,124.90345381266606,0.8668583235647469,0.09931302050844215,0.0,-2.6507445358455133,Angry / Intense
Electronic,0.7792241479569912,0.9082286492599215,118.86094561956536,0.7093986045642591,0.07163417739246075,0.07925792013371333,-2.1153068550735905,Happy / Excited
Electronic,0.5259787649106866,0.5496651952892642,132.07226975307464,0.7051842603182686,0.054005875510524166,0.14627612684286007,-3.8859071667866254,Happy / Excited
Electronic,0.7015438001396086,0.8483053162258654,123.92826575434209,0.735866279519083,0.06156796932621026,0.059513992027032614,-4.34214270285753,Happy / Excited
Electronic,0.5828076182948839,0.9740441239776673,143.0641973634617,0.671432508240987,0.12562386996071717,0.029809323381105673,-4.108135798118301,Happy / Excited
Electronic,0.4070094442231806,0.7176746776624415,131.36054411236884,0.4725432871845859,0.0,0.18450162324514335,-5.335116466730315,Angry / Intense
Electronic,0.433522621371526,0.66205637012824,118.18529789433794,0.7791209327237394,0.106542541650269,0.21675537648081175,-3.1863324379260223,Angry / Intense
Electronic,0.5715314642226622,0.7452544346041787,124.63397535906059,0.5997133842792145,0.051348880768686656,0.4424201238442677,-4.1294198305780645,Happy / Excited
Electronic,0.7523616786654419,0.7897114756201007,144.15319753417108,0.720669577355203,0.17772680660559154,0.21562865051157526,-4.085537252391447,Happy / Excited
Electronic,0.765520225575774,0.8006572371418794,130.62066785053008,0.8688863425206302,0.04935974688559491,0.0,-1.2139858908301804,Happy / Excited
Electronic,0.41544239641931535,0.8358756050937542,141.8720800334135,0.6791506096268798,0.0,0.27074745935496664,-9.086152795824779,Angry / Intense
Electronic,0.44817690616377437,0.8445038664315405,124.76057723809804,0.5856549056814253,0.18753423649632098,0.2407076307898351,-2.637695764476518,Angry / Intense
Electronic,0.45319347496751994,0.7319988018309236,131.23017104306192,0.718421287367178,0.0,0.5139568517574992,-6.744540445787992,Angry / Intense
Electronic,0.16875205073679767,0.9528166053957332,121.94842381024853,0.6792176107384376,0.0,0.5681882973193981,-8.078961174419375,Angry / Intense
Electronic,0.510520906527017,0.911262032254044,133.06060319603716,0.7340345688007809,0.0,0.0580550328465432,-5.124399323914956,Happy / Excited
Electronic,0.3583086674023407,0.8403359459998767,136.1809209057817,0.8362502885800102,0.0,0.6593292109957909,-3.965041310891739,Angry / Intense
Electronic,0.49969145233956846,0.9289536583076641,156.3848932639997,0.596127989894313,0.04197898860069171,0.0,-5.114696934703951,Angry / Intense
Electronic,0.5657709635465253,0.816083788455724,120.14559714802029,0.5350485483811674,0.0898826946729415,0.5110868967830651,-6.682036911466864,Happy / Excited
Electronic,0.5792107872241661,0.6631855686579948,133.48655676431017,0.7006617702255343,0.0,0.06792727175677388,-6.28722316406602,Happy / Excited
Electronic,0.5688379968246564,0.6887836798804482,123.23461602118577,0.7358528222000852,0.0,0.5793330403350034,-7.206990960122683,Happy / Excited
Electronic,0.37950135554597175,0.7221692050177502,149.5817610456574,0.7952905228599482,0.0,0.44124631177199375,-5.098602611422243,Angry / Intense
Electronic,0.5463056158000703,0.7855522791247547,119.00700815651632,0.7737766099054602,0.016393021600352768,0.5833511259150209,-8.038582210486208,Happy / Excited
Electronic,0.7765082191138901,0.8088681151202198,131.58902880825326,0.8233157766629434,0.009580056399645098,0.3928496769397273,-10.915087710762354,Happy / Excited
Electronic,0.3704018840200509,0.7275937192658934,112.95792785153886,0.7185045161921049,0.09085999745453559,0.36053199969986116,-5.018246485599184,Angry / Intense
Electronic,0.3801751763191616,0.8569016437825167,129.4914283382102,0.8336056167936017,0.12215493623452134,0.22609528278412577,-7.294506012322514,Angry / Intense
Electronic,0.38246897195022544,0.7650210640361966,124.21680399300493,0.7668050427589753,0.11721395121024467,0.20977626139692446,-5.467750424199055,Angry / Intense
Electronic,0.5257951349000006,0.768409468686766,116.89529290828453,0.564456210268929,0.004388051353850203,0.3146290906535574,-6.905822876079135,Happy / Excited
Electronic,0.4571947332633309,0.8666431287412316,134.24827395707203,0.6320467147833961,0.1397647485162913,0.4454700178710971,-7.75969971443712,Angry / Intense
Electronic,0.35170936346459225,0.9391090683146192,126.23775774493639,0.5180222052548149,0.0,0.17012607496550375,-7.826085300569204,Angry / Intense
Electronic,0.42558372128544053,0.8232396213683578,145.54705524841674,0.7109546083772211,0.1458033439658207,0.5057520324073541,-2.631380661295848,Angry / Intense
Electronic,0.5512558268094023,0.6236710852161025,133.52989838484638,0.8448399887813541,0.05351463156516663,0.5689167740150497,-3.7803328770650846,Happy / Excited
Electronic,0.6022892078875012,0.9286380711205837,132.00043821513054,0.4907189500604646,0.02006888388237075,0.4594336054495707,-7.115182680196592,Happy / Excited
Electronic,0.45977494905735095,0.7155163686096928,149.40707114242122,0.9081492457418016,0.0,0.2494596000778168,-6.8609880955280955,Angry / Intense
Electronic,0.610690035025648,0.8709683077242328,137.74046685935917,0.7731918447707887,0.29483249651107746,0.01441524699785221,-8.92120670887303,Happy / Excited
Electronic,0.4292437638737369,0.6632011734439732,110.09045275992808,0.6398685345802033,0.0,0.029076379609987962,-4.463562099109177,Angry / Intense
Electronic,0.40888596900463947,0.8020485425127519,138.73079329401122,0.6633677475218573,0.038836328103622225,0.2931519972185831,-9.383135601240443,Angry / Intense
Electronic,0.07071700838889516,0.8546117328797722,133.90417136680279,0.946422013485241,0.07264759006934479,0.383947943451619,-5.890945287171948,Angry / Intense
Electronic,0.5535008998853156,0.9867256841749533,102.51208618249237,0.781361625757168,0.23084693840618928,0.27640684384186853,-2.1988540735343043,Happy / Excited
Electronic,0.38674181308470035,0.8167952505836286,128.40229642866305,0.5182408920641229,0.0,0.0006249841232027764,-3.855867843934945,Angry / Intense
Electronic,0.6569875590231299,0.8524036442706533,137.88923476226847,0.7235850587278226,0.15615453356316344,0.22175768852641436,-5.384271905146487,Happy / Excited
Electronic,0.45219332601276596,0.8884450477636427,122.94561420064504,0.8376431377198068,0.0,0.00021674905436122605,-4.125146489746991,Angry / Intense
Electronic,0.4840620413750577,0.7746108583846871,138.68069278970552,0.6792738585913916,0.04398389965597041,0.4998455900142319,-2.4217153083786993,Angry / Intense
Electronic,0.7830316778486588,0.7917874223066088,142.76843485981365,0.6451047172231321,0.0,0.0,-2.15426359620294,Happy / Excited
Electronic,0.34448362716630593,0.807346742025294,117.07610789686059,0.8095165248330141,0.029949307142612784,0.0,-4.616674871627879,Angry / Intense
Electronic,0.2419285955341589,0.7362594274684509,102.71733062448703,0.5976041887802392,0.07428233357763822,0.0,-8.46229144924343,Angry / Intense
Electronic,0.49957359509609456,0.7656393103906947,151.9044396315117,0.9233896546024376,0.0,0.3314275236806964,-4.001434886241097,Angry / Intense
Electronic,0.3924538055556074,0.6704458463501796,127.85241860830331,0.7227154325185889,0.02513884024235046,0.30846337363289705,-7.001459214011198,Angry / Intense
Electronic,0.2926404414357543,0.8309082970349831,132.6316411108265,0.6223355056099946,0.1342472488792865,0.0,-6.656226917431287,Angry / Intense
Electronic,0.4535584634844304,0.756377628734807,121.2192743173857,0.9271074482308114,0.0,0.7082443444943828,-4.625746440537896,Angry / Intense
Electronic,0.5165699247161586,0.8676240353387665,158.35913299102344,0.6406406996068552,0.0,0.06902676068561578,-5.435713706070878,Happy / Excited
Electronic,0.1893611975337368,0.8222339239318608,148.32256560096405,0.7551407390624777,0.03658516328197785,0.09636791026327451,-3.702976590896871,Angry / Intense
Electronic,0.35135010081715146,1.0,151.2003169725723,0.7656750798661788,0.05907879295386839,0.4261319616483119,-3.3104029955453496,Angry / Intense
Electronic,0.35492148840930526,0.7673444866863297,112.13183078380045,0.7809064938334057,0.11333023067655126,0.0,-6.410397809632318,Angry / Intense
Electronic,0.25749429483535713,0.7301200189756162,134.6122047227156,0.6666517933321721,0.0359339235174161,0.0,-5.126019580550672,Angry / Intense
Electronic,0.4920308024279632,0.7471040749966837,125.73182842781031,0.7580294880503444,0.0,0.0,-1.8888511346263694,Angry / Intense
Electronic,0.3860109131521509,0.810323989681311,140.13007682024377,1.0,0.0,0.309965442745302,-6.915104570588213,Angry / Intense
Electronic,0.40301774517619204,0.747978797899321,114.49214038639298,0.7358708638215339,0.0,0.40936151330237414,-5.38999412793325,Angry / Intense
Electronic,0.5760382951222591,0.7733811388053776,123.59355278945903,0.7687563905167328,0.0,0.14840191311733283,-7.219227027756908,Happy / Excited
Electronic,0.33969761409361743,0.6090161759374357,144.07191907376,0.6713461246846231,0.153070084413084,0.43375846427885845,-8.071999413032987,Angry / Intense
Electronic,0.3040859775788878,1.0,149.01111130312572,0.7368481486671896,0.08058984851338795,0.09383071941056226,-4.63529457159932,Angry / Intense
Electronic,0.37090725786995515,0.6167646235701615,112.14133056186739,0.7421092747850587,0.0,0.2065445070172931,-7.649322078865726,Angry / Intense
Electronic,0.3591762939496412,0.9053165306413191,130.96976657168125,0.7390335578686653,0.1303171178456521,0.3161217186694695,-2.606873417497265,Angry / Intense
Electronic,0.4172253327832748,0.7770365021472491,112.38668880330385,0.697101928262758,0.13718159154419565,0.4799974744524268,-3.579389663826664,Angry / Intense
Electronic,0.1770454640211015,0.9283145212660734,105.93777652073516,0.8298117324122347,0.030577237874315582,0.3605066627867711,-8.164896695789132,Angry / Intense
Electronic,0.7108101738871064,0.673502525389511,119.97854106976186,0.6401905372230965,0.0,0.23890551351769368,-1.8878217643260773,Happy / Excited
Electronic,0.9800429400176016,0.8297155787086248,141.40017530081028,0.7632094637928537,0.09991065558145701,0.15157026977455224,-5.109846149154796,Happy / Excited
Electronic,0.5967461668291572,0.7621540271123668,127.07006840128415,0.7341569881002512,0.12611226538644196,0.006793565674463875,-5.603084417215303,Happy / Excited
Electronic,0.8441609844294855,0.9364060152585937,144.19014858666446,0.7424431840178034,0.08567980509488185,0.4204472333405851,-2.3794889409381383,Happy / Excited
Electronic,0.1487114756810804,0.6884558692950153,143.71332921683177,0.7123110644231196,0.006262336859353811,0.0,-6.610033403088218,Angry / Intense
Electronic,0.24757352898371154,1.0,127.73076737623312,0.7342049458237282,0.10704613401342655,0.4124690338533139,-3.6082236868907214,Angry / Intense
Electronic,0.6932519499033629,0.7569154449209143,124.42559834051767,0.8169031655442276,0.0178088750688304,0.218978673594555,-4.702472471150371,Happy / Excited
R&B,0.683481463992764,0.3289014748918739,109.43593039822312,0.6966275942148275,0.35611865662965714,0.058846584617741435,-3.284169877761685,Content / Peaceful
R&B,0.7800871200956045,0.7350543161393386,121.09872510665981,0.7491378984815946,0.25482776305552596,0.06364085415891672,-5.035838097133955,Happy / Excited
R&B,0.49745873975449584,0.6126270431450749,97.43845653144649,0.6346067091539944,0.4435691112064525,0.02275996212650446,-2.4025834846022986,Angry / Intense
R&B,0.2736663140660285,0.48761875953036243,98.52222138705395,0.8337381097628914,0.30992040589032777,0.035523637709037575,-8.754527585108294,Sad / Dark
R&B,0.3533199624709899,0.6019256058376876,76.17430409890626,0.6668122249710671,0.3251375993628786,0.0,-3.289288075276387,Angry / Intense
R&B,0.7580691785204414,0.355715400216021,83.0820601090882,0.491422275550505,0.13261129561778,0.05831942382861997,-7.327789884549714,Content / Peaceful
R&B,0.6283355314147145,0.3620965386233733,110.76760407331048,0.664489077207165,0.2518254523424358,0.015356274930347365,-9.043097041784568,Content / Peaceful
R&B,0.35397566360423705,0.6858132809704455,104.38387452002713,0.8250049041553427,0.2986987353253777,0.027149531740460826,-9.952021237333533,Angry / Intense
R&B,0.5040376615506011,0.5564400383475133,129.2497151723612,0.7886956632098677,0.4804091772564293,0.04987688529473641,-7.9226064538989585,Happy / Excited
R&B,0.5699111167454748,0.5907090740143504,82.97351088366909,0.6815612623407079,0.2191349509484242,0.10028099162825592,-10.661481050781957,Happy / Excited
R&B,0.7549891315217274,0.4382166194552803,76.04673300368617,0.8379942130038464,0.35978471038515714,0.0827259351190595,-4.8985961049088464,Content / Peaceful
R&B,0.9001736502953583,0.6326340988027832,95.49636198202947,0.7542926377321342,0.4365203692518945,0.0,-7.803777165062762,Happy / Excited
R&B,0.4974767975183558,0.28640423616050686,100.20925453468075,0.5313871296048973,0.2579588969398929,0.0632644878067625,-7.453752921287672,Sad / Dark
R&B,0.8351096979317681,0.3701348830755966,117.06017090610932,0.787513705640692,0.0,0.15553971495202662,-6.627490571007932,Content / Peaceful
R&B,0.40082771623354263,0.3770786646780778,94.47971155744521,0.707259312761004,0.26539682928094965,0.005110192188801991,-5.233549379769813,Sad / Dark
R&B,0.48410292844724817,0.30845466475873884,95.61021606960574,0.48325223466267214,0.3030655946337084,0.0,-6.173279290168399,Sad / Dark
R&B,0.7733927468591828,0.43666266961516004,114.98010013619388,0.6766610433313847,0.5129792203098378,0.0017423693400893323,-8.180985971013383,Content / Peaceful
R&B,0.666830536567199,0.5033473351489274,84.53680777393586,0.6722160149296208,0.2433090201725498,0.08710900656224271,-10.368175490919153,Happy / Excited
R&B,0.5539237120215715,0.6412374673050256,101.09517719986874,0.8509865169433534,0.23884820053622136,0.010772427890702742,-5.315340905973313,Happy / Excited
R&B,0.5668833485417295,0.5092468640235388,106.25830463338207,0.6547471706783354,0.15832342719710094,0.0,-3.7938616796671853,Happy / Excited
R&B,0.002427219482428744,0.6114278485191825,98.54834902720356,0.5519129540761879,0.2964590168704003,0.043787599591576604,-5.3207215372852,Angry / Intense
R&B,0.09918922928235868,0.737630623541077,86.19621272504254,0.7886567746753176,0.3611610671023429,0.0,-5.179080095296899,Angry / Intense
R&B,0.48446614904489915,0.2907209666860396,116.68387080844447,0.6424955036983759,0.12182598058929187,0.0,-5.955526549345224,Sad / Dark
R&B,0.5402640301602426,0.6312487002119322,76.56817013554146,0.6457613629569265,0.23260043915176998,0.11489436463293529,-6.7276250768275165,Happy / Excited
R&B,0.7344877848224775,0.5650121719419614,90.2614618009989,0.6953275575885559,0.22473704319566784,0.05018228694803693,-3.750777464846891,Happy / Excited
R&B,0.6111457441066747,0.7143200982364283,82.56336419792503,0.6785369491185969,0.14135461986885,0.03572222954374263,-7.217916770358827,Happy / Excited
R&B,0.6740613992958133,0.43896977748778265,98.6884955731405,0.7886857911012256,0.0,0.12608156536651016,-7.0663037697597515,Content / Peaceful
R&B,0.20574321467505063,0.5805522068149822,98.53509548757042,0.7118105620427507,0.39867866693899995,0.0573722485713528,-5.90424761795231,Angry / Intense
R&B,0.6265264577709302,0.5464334015730488,126.40785358784078,0.5720803981642233,0.2709477511323845,0.023251231559439006,-4.873439187870814,Happy / Excited
R&B,0.40654484083776715,0.3333225616884503,100.50916825757109,0.7481230492218603,0.47343991141714736,0.0,-4.190612466566559,Sad / Dark
R&B,0.9524604418846108,0.510890564622078,77.34492448810842,0.6793025633626628,0.2521007451057071,0.048189393750345734,-7.682789459676095,Happy / Excited
R&B,0.8143837508050482,0.41511079904895204,70.1727175652352,0.8306710424287317,0.0,0.009793511556364192,-0.26463774158390496,Content / Peaceful
R&B,0.5479525959968117,0.4143002054094876,97.0816405794113,0.7149199211380466,0.2740974910529675,0.053113149107980984,-8.578222336735479,Content / Peaceful
R&B,0.836883169390255,0.5918648569684404,109.62870474242887,0.6571850600244358,0.44295732054933,0.007147379559346766,-5.944894973012937,Happy / Excited
R&B,0.3913719668781914,0.43039888856772357,109.01128490324612,0.6756393169792614,0.12192653687434343,0.0,-5.1020938565651575,Sad / Dark
R&B,0.4430635635953862,0.5447048588917187,98.24044400459356,0.52826511139897,0.029331039193972314,0.03681389446237813,-7.9740587223053945,Angry / Intense
R&B,0.7296432349176711,0.6856849235525708,109.506698661687,0.9019771787312597,0.23753660083852254,0.05244409629519195,-7.668801953192062,Happy / Excited
R&B,0.9669028851876831,0.8178723748166825,98.19008695228467,0.7586586229905192,0.4538946399047209,0.012643024759294652,-7.813248141599409,Happy / Excited
R&B,0.6985782576711701,0.5701971019908771,100.92791119432417,0.6365728656932035,0.0,0.03180712049395505,-4.6900759170116,Happy / Excited
R&B,0.5116128526570729,0.7467358375426527,86.73733879335128,0.614529554503408,0.2399154539205803,0.01587037123243548,-4.960062537329555,Happy / Excited
R&B,0.4182563199091226,0.7378522507859369,129.47067140013206,0.7160855973031658,0.4374565630276478,0.0,-4.349556917636168,Angry / Intense
R&B,0.7280369894551086,0.6722468464246842,97.7509905780753,0.42457510587579683,0.1537409284521806,0.0,-8.456509876120954,Happy / Excited
R&B,0.5707813107730013,0.5055347520822395,84.80620784375965,0.6141199851752179,0.1426730521772157,0.07607496059249642,-7.822050109254988,Happy / Excited
R&B,0.46246041990634373,0.5006293100469781,103.42389622095071,0.7656249488528533,0.0,0.0710817606913804,-3.627263931512492,Angry / Intense
R&B,0.3714682886485162,0.43360122818447155,90.79594579554765,0.6443995980543396,0.28358903109199096,0.0,-8.73585521607348,Sad / Dark
R&B,0.8116635240297343,0.43933140424475775,117.8948524496468,0.7555338195590137,0.0,0.05176645976081032,-6.735334604385707,Content / Peaceful
R&B,0.4725706004375442,0.5918444221123605,105.59413576906867,0.7907591821974619,0.4267379271322004,0.04040679563891782,-9.251268177572724,Angry / Intense
R&B,0.46948027219929755,0.9425962835849209,109.59185696610764,0.9569287300811496,0.45931511232987776,0.03209010357778743,-5.897185860437765,Angry / Intense
R&B,0.5437813932209362,0.3340853999399551,98.28875603949159,0.8410674552542197,0.16005400077681947,0.04059764995309048,-4.7968179082136055,Content / Peaceful
R&B,0.3953543253168792,0.5013306276353237,81.71341615236545,0.6377834393310593,0.056859207452040844,0.0,-3.6610886384043217,Angry / Intense
R&B,0.3943689050546503,0.5764396984778898,89.9540999412647,0.8378865937036939,0.44667434449054244,0.06320349910694735,-5.887730893794489,Angry / Intense
R&B,0.5107198787370473,0.4050562884551375,129.09646209795517,0.6440326982247446,0.3495469520549262,0.07297827863116986,-7.610560993810659,Content / Peaceful
R&B,0.7264621296437136,0.6593477164340512,125.64742136610825,0.6730653533573289,0.05712039740804278,0.0,-6.082292914931337,Happy / Excited
R&B,0.5598961636044596,0.5088530734843085,67.45284065636412,0.7670482996129107,0.54585167186233,0.04321256190615018,-5.281728961892973,Happy / Excited
R&B,0.6473157020463673,0.6116160670847121,112.90665546988951,0.7595373681185665,0.2030984245520086,0.0,-6.997947310561351,Happy / Excited
R&B,0.6034020143966132,0.5189092150540136,103.02941893010289,0.7639150133700418,0.3749769146905273,0.08413974844194902,-6.343985163042285,Happy / Excited
R&B,0.3276779839248977,0.5151364674135054,98.70500107850559,0.536423124382291,0.4582996780153723,0.027118895625523314,-5.73729433083943,Angry / Intense
R&B,0.7821394986294652,0.47808143208149495,107.18467089414449,0.7090135876898064,0.2223869699476121,0.0,-3.1687935726269454,Content / Peaceful
R&B,0.486164993187153,0.6509303520964413,67.99988180044902,0.8379988529689786,0.40783167339355875,0.02487170551486515,-6.953884932275849,Angry / Intense
R&B,0.6180000009543063,0.8575427859144377,69.78821281754423,0.7982027387574128,0.11325740467691461,0.01900408018501344,-6.995760238157326,Happy / Excited
R&B,0.47718589617438156,0.5586395332231452,79.85326167555536,0.8229180436127967,0.0,0.04698822564141711,-7.153071705069142,Angry / Intense
R&B,0.35094276805273295,0.5863098381778304,73.08878261269635,0.7239713821719634,0.03656846382826684,0.04306360421589156,-8.34871466726075,Angry / Intense
R&B,0.47333101710501746,0.5982134204326112,85.63932621052423,0.7142036000331697,0.022925424813271977,0.05154378017980778,-2.9701723888984572,Angry / Intense
R&B,1.0,0.5718518590666372,110.61126625275499,0.541937432709251,0.4754101489458382,0.058811425236205306,-7.467866889902466,Happy / Excited
R&B,0.7603207360491316,0.5269181100361057,90.6715970717671,0.767533492542749,0.09049682502545223,0.07108123821999741,-8.611979623853687,Happy / Excited
R&B,0.3714906857300584,0.4417403275069166,110.15200060025795,0.6583224638480292,0.04780063234492468,0.0,-6.564084741360974,Sad / Dark
R&B,0.3492346777770545,0.4102814558255354,131.78074134559336,0.6339434596186113,0.20154364468404898,0.0016381499600357091,-7.342713615540884,Sad / Dark
R&B,0.6556289457947474,0.6832585835613665,93.10472909549452,0.5963521713407651,0.44116603417733546,0.01523294544016587,-3.0393563702856627,Happy / Excited
R&B,0.16825039741392234,0.5854024187668316,128.69770134201931,0.6846735864561841,0.2161759864998046,0.03477558457951694,-7.617591637769914,Angry / Intense
R&B,0.4969477715510354,0.5160840377551177,87.96126824917803,0.842885655020056,0.31916170484446527,0.0325314116051651,-4.882857986219767,Angry / Intense
R&B,0.5050595083554107,0.45935350361412297,88.35801112616709,0.7201783041104609,0.09111824374406471,0.0,-7.532233283742869,Content / Peaceful
R&B,0.9111745590709324,0.19940405780859088,95.12608445750986,0.8925693792814771,0.26827666961986807,0.05767087367105464,-6.300347369800464,Content / Peaceful
R&B,0.4365533251931984,0.2685509285138413,101.28729099258085,0.6424393395397608,0.12994968907520443,0.0,-3.010277186753013,Sad / Dark
R&B,0.9588223821831754,0.5882370318786921,90.56372441741236,0.6022773582548789,0.32028102423191035,0.10914528000325721,-6.994680774050313,Happy / Excited
R&B,0.14557067307195187,0.6471064573360181,113.76639538320079,0.5614154359614152,0.2764726275494429,0.04256130080680494,-6.646214604017877,Angry / Intense
R&B,0.4155689437554899,0.6920718390632623,91.54592406450108,0.5714813837300068,0.0,0.08304247599996549,-5.266672047057764,Angry / Intense
R&B,0.5649555030119587,0.5027642972093956,89.53602537274998,0.6124263351558388,0.18528165331601726,0.0,-7.972127306937028,Happy / Excited
R&B,0.4971406222203141,0.6392844061347545,97.36117658602618,0.7994923113875558,0.45237026576701445,0.07290850469120509,-5.558980305242886,Angry / Intense
R&B,0.5520166554607333,0.43249755890623737,109.83910482206906,0.8879747382221529,0.30131590594756275,0.11586295742130616,-9.551143416122168,Content / Peaceful
R&B,0.353792224587478,0.6711761960072742,102.22864336245202,0.8513782176571807,0.24767925389098908,0.0,-6.927186484410085,Angry / Intense
R&B,0.2894437249429652,0.41328321249738553,113.55910396668816,0.807278741446961,0.30445064272091155,0.0,-7.216807151025777,Sad / Dark
R&B,0.34175001892779144,0.7129493229924095,88.66044586299839,0.611425228921845,0.25446942476821366,0.0,-3.5325121795925862,Angry / Intense
R&B,0.4250821474191876,0.378100326300798,63.55338374787975,0.7169213497586584,0.16571048292131105,0.0,-4.1215470774884295,Sad / Dark
R&B,0.6634316750629712,0.5563316757381602,119.82921990673387,0.7862536033398613,0.12657161477223516,0.0,-4.864036911092278,Happy / Excited
R&B,0.6173823825994498,0.5820672098361861,84.45603515409748,0.7807947567005754,0.13667516752990763,0.014900667270316102,-3.6061117072260402,Happy / Excited
R&B,0.43765817991227524,0.3555113965805281,81.15924493007823,0.8194298826687623,0.2882096706070314,0.013556131065562322,-7.518187610623139,Sad / Dark
R&B,0.6325111842840424,0.44961636937127103,102.89064909828153,0.6468745431187043,0.1153510922087419,0.0,-7.250814892967924,Content / Peaceful
R&B,0.5416989278912705,0.5906092533644449,60.0,0.6392349442253235,0.19126450339659412,0.09525310193041651,-8.660005216764265,Happy / Excited
R&B,0.5776754250769852,0.7543539402656589,76.99250352084363,0.7593975225864402,0.12965922490982196,0.0,-8.10622166790663,Happy / Excited
R&B,0.4255842575692994,0.9138485792278441,111.51129395314665,0.8301737861786209,0.3237990230254744,0.0,-5.7100840593533855,Angry / Intense
R&B,0.732398034466249,0.4490580683749156,113.44522667457802,0.7904336209854078,0.5278060067220505,0.0,-8.695221964551454,Content / Peaceful
R&B,0.48852322140666726,0.7466242291112711,68.74550590652859,0.5131624284568967,0.263409291839742,0.0,-6.484544213648631,Angry / Intense
R&B,0.7107030011100971,0.4881659850045492,68.03190670511007,0.9244481557199944,0.10041575688418358,0.0,-4.292559972554807,Content / Peaceful
R&B,0.484636849422942,0.5517593192354746,105.72464198496509,0.8283583103109995,0.19998089602273422,0.09599760029571497,-10.771599697469611,Angry / Intense
R&B,0.6791638302820232,0.4508614174577046,119.95634106572786,0.7342044478830545,0.14906420019858976,0.05314205465108163,-4.713623305585497,Content / Peaceful
R&B,0.6591220008859685,0.4261394888477022,90.25572602204664,0.7195927162878565,0.24381105210249093,0.05748727377191738,-10.529802465013216,Content / Peaceful
R&B,0.6068355992740956,0.5223024239232369,84.58399013785676,0.64575132222304,0.21781935032230546,0.0,-7.9025791415831,Happy / Excited
R&B,0.4011114798101302,0.6292618172119412,85.11157307983167,0.698488619982951,0.4813414941491953,0.06971757599077118,-4.695457200113095,Angry / Intense
R&B,0.4650216868301552,0.6305941963076549,94.2576351927425,0.7003906789323062,0.31145280156198246,0.0,-3.513993791113593,Angry / Intense
R&B,0.5227778762683507,0.6403868736137565,121.28960766811677,0.8231653774575175,0.03866213459642129,0.04224479475049421,-4.798561211078706,Happy / Excited
R&B,0.7016167137673274,0.41527167156509803,87.48743620772282,0.8194558235741621,0.13573594439760317,0.005015197166784287,-3.3482483809960613,Content / Peaceful
R&B,0.5418741274345857,0.46551936208160044,83.95812229019351,0.7532719329585188,0.05002779872841867,0.007633201805179093,-5.833538930019957,Content / Peaceful
R&B,0.7708554694931036,0.6467812504480995,86.57495811228515,0.837841931756372,0.20507274436787837,0.0,-6.844082718530945,Happy / Excited
R&B,0.7944887641947693,0.5814812065084404,98.20034982927658,0.8837211644702854,0.03529677294183595,0.0,-9.731692941933664,Happy / Excited
R&B,0.6133501917016094,0.5816441065249662,122.68378187647642,0.744347507713677,0.1893764260781046,0.020089743643905356,-6.264585163078084,Happy / Excited
R&B,0.26580058353421165,0.9123431137635362,106.31793628963058,0.7410008308022589,0.342274597641787,0.055470549029330254,-6.7811069710048635,Angry / Intense
R&B,0.44268900683908097,0.6379285892218216,104.17137344850323,0.6390109900910592,0.4628553417050896,0.03466760181614917,-5.040361275464739,Angry / Intense
R&B,0.7866265509055863,0.5628455467514286,103.07123211174584,0.8010027238506117,0.1412708374299922,0.02270258314230005,-6.248902826697703,Happy / Excited
R&B,0.38747004621382297,0.8612927825276042,75.48330490412155,0.5901896096312842,0.44713398635553686,0.05566331253982712,-8.551929634961557,Angry / Intense
R&B,0.6532391325672878,0.7508205578496503,97.51579107844823,0.9798822900074582,0.0,0.054691172692955106,-4.166943327557993,Happy / Excited
R&B,0.701528463272892,0.5334337555360658,93.3529362878216,0.7644145171087258,0.3723631729978104,0.05012367181411817,-4.419884218413221,Happy / Excited
R&B,0.37679210729865503,0.5303897727139275,82.95974508601994,0.6813887223913858,0.40228313377214575,0.025399196036261444,-1.2862816737004605,Angry / Intense
R&B,0.582879082422252,0.5677599444753658,99.69892671104346,0.6562191307140064,0.24132450814336093,0.0763894013555823,-6.272058663744455,Happy / Excited
R&B,0.4151118459198099,0.4397389993377775,90.79676973334651,0.727386343441088,0.4290379803214393,0.0,-7.139652555777513,Sad / Dark
R&B,0.5745327033039634,0.3216182502081736,84.6624274725375,0.6520111460263813,0.13060444392242526,0.02959447725108237,-6.821119219003595,Content / Peaceful
R&B,0.45560136255782385,0.6156351414518426,125.56919548233999,0.8839256516741751,0.0,0.04885360919175698,-6.856046580127677,Angry / Intense
R&B,0.5763764082871106,0.5082232056394688,99.88141807819524,0.7351407396072018,0.16315723639766155,0.0,-7.397391365238969,Happy / Excited
R&B,0.5898240749576502,0.6378695244189544,111.65358363744235,0.6705809976933087,0.2925766850954105,0.06812512959766492,-4.168810209711744,Happy / Excited
R&B,0.5399984147976413,0.5312788757578504,101.05798774138228,0.6050292527102594,0.22095857334467378,0.0572293199236565,-5.216105741112598,Happy / Excited
R&B,0.5040545072581389,0.5883033661413317,84.805594555349,0.7903492148225024,0.23832678457952905,0.006202427415193092,-7.223447672186773,Happy / Excited
R&B,0.5393080426270241,0.5017759061588455,108.53028857604102,0.6804716451983819,0.4889446144041072,0.09326052517406905,-8.28308697970901,Happy / Excited
R&B,0.5618497258029777,0.4754146392262947,92.77363898898221,0.9202427467644797,0.20386428743263013,0.038011301853871436,-5.417357411983444,Content / Peaceful
R&B,0.3798930066778491,0.4488375883268034,78.70364205747009,0.6314029266102222,0.0,0.04722912003968141,-2.3916123174878603,Sad / Dark
R&B,0.5751295256362097,0.3758850482857211,87.71557787360084,0.6741123154975003,0.09736228341799366,0.06300913191975784,-4.879479911249332,Content / Peaceful
R&B,0.35357319505099793,0.6542605357781761,122.42900261723625,0.910255820522956,0.6797818034628944,0.0,-0.8515591472095938,Angry / Intense
R&B,0.48978491395350604,0.4829794908005332,103.23315799804553,0.6617938665906987,0.3098566210969789,0.0,-6.977505204126869,Sad / Dark
R&B,0.7685489798414855,0.5525820321139497,100.26553258783812,0.7675258604717311,0.425599244397649,0.0,-5.33095189632513,Happy / Excited
R&B,0.5044163463289003,0.5816629263905391,114.95920271619802,0.6005813348588156,0.09810333378353658,0.0,-7.598317883527553,Happy / Excited
R&B,0.7761734985443989,0.544323665498449,76.55800166952343,0.6714321255424953,0.02682074447640656,0.0,-5.722362179472573,Happy / Excited
R&B,0.3504415345279751,0.7046424596764294,96.86207534671462,0.7285594703944526,0.2082440548588159,0.05864239192718616,-4.933680224445979,Angry / Intense
R&B,0.6069592398250692,0.6334225837679943,94.60656528127319,0.7742203006909049,0.19931833367892898,0.0201115811081201,-7.049287498732594,Happy / Excited
R&B,0.47227284831573674,0.4704154662961673,105.48304166174216,0.8510605912813463,0.4256652957504339,0.0,-3.9215938971862534,Sad / Dark
R&B,0.4959130547249521,0.638095291968927,83.50055468724463,0.7341979913874005,0.29705847743453606,0.0,-5.283465667311622,Angry / Intense
R&B,0.7788089513325136,0.5372957670613884,119.76269009324821,0.7010306506547592,0.3774376796569926,0.0,-1.662444441373073,Happy / Excited
R&B,0.8042279016913028,0.5229986844470218,66.44657557369891,0.7488028368305489,0.033411167938936476,0.042242676877874405,-5.676868561671436,Happy / Excited
R&B,0.3899614612696558,0.7057257130698691,110.88919524489877,0.8175823337288564,0.2513286555503343,0.0,-4.544255455577725,Angry / Intense
R&B,0.5040368621469156,0.37932858138495307,119.63262985558922,0.929940752050251,0.24381278065311954,0.12795605773016458,-6.317370542777301,Content / Peaceful
R&B,0.48532249629172036,0.47804040095588796,124.19331852788387,0.6419856118612228,0.3602903964962481,0.0,-7.420613525148726,Sad / Dark
R&B,0.7251424479748264,0.5105952099823841,91.5232739292753,0.8332804697174807,0.48960959398324344,0.05223449016421167,-7.809539551247898,Happy / Excited
R&B,0.46319655511941155,0.5703889842862049,103.13488099081052,0.6212134089860228,0.3584556909369796,0.02427566648197995,-9.931416637276259,Angry / Intense
R&B,0.3920824979816758,0.49446327242528376,96.83427697854312,0.9089278795503996,0.2857256959209442,0.0,-6.058738391385673,Sad / Dark
R&B,0.49014508293284026,0.6022185711393605,107.28908299256983,0.8409230647223938,0.24635702564949613,0.10194802637999166,-4.683954674927618,Angry / Intense
R&B,0.42973527738192807,0.8472812365473004,103.23191221232156,0.6364875496027764,0.49793695768456325,0.12388887925992224,-6.566050527439121,Angry / Intense
R&B,0.46437945573614864,0.537591255531024,109.4357076402832,0.8477856655030513,0.335573099629536,0.02508616042358849,-3.503976459391145,Angry / Intense
R&B,0.4968177995812413,0.694019513987698,93.39099522637954,0.7631022958010893,0.23296561528143228,0.017207390867359458,-7.25477303492442,Angry / Intense
R&B,0.7786251853007181,0.4647196150458905,86.15628395922067,0.9320993565845109,0.3966771346981497,0.0,-7.630517478420807,Content / Peaceful
R&B,0.24196181261445082,0.43641020985601686,60.0,0.7063010422306057,0.07870872712580326,0.02299526283982192,-9.750242517765049,Sad / Dark
R&B,0.5640950150392469,0.5060608838443575,122.03124744301753,0.8611356861745625,0.36780184045154246,0.003669310966939371,-2.5292392094794134,Happy / Excited
R&B,0.2859840027672305,0.37753737815672395,96.65947040177497,0.9454038108921119,0.21964916396948686,0.010837737839535904,-9.383820712223619,Sad / Dark
R&B,0.7108080294959644,0.6839129130628161,110.62520322239855,0.6570779327152637,0.14399398474404915,0.0,-6.332254996478133,Happy / Excited
R&B,0.36633075402265475,0.4069358543175925,91.22094852942918,0.6710843824815783,0.16930322067670672,0.04332222984201307,-6.341904395699442,Sad / Dark
R&B,0.5010134748131101,0.5837916806804927,82.13556734232588,0.7305278623909678,0.27259037392669505,0.0,-4.508612491259276,Happy / Excited
R&B,0.4001562701114108,0.5717402738968366,116.63058784856432,0.8125676757713869,0.2551500082853253,0.0018750498558965725,-4.604976182848866,Angry / Intense
R&B,0.6646981462274655,0.4796125473942632,85.28170164797295,0.5127644818304001,0.2731047762525381,0.015865112749080066,-4.227617250714916,Content / Peaceful
R&B,0.6110393658916624,0.7334497952424498,86.84217235334127,0.8338150330967619,0.17066254313430174,0.058879803089613617,-9.417516785061387,Happy / Excited
R&B,0.5899730008922521,0.30199056761203175,93.72580022493193,0.7640353993877913,0.17185471731533564,0.0,-4.807763061408132,Content / Peaceful
R&B,0.532411325726023,0.49635581588601274,98.67033473846843,0.9836669141945589,0.4230254274672316,0.07812868340939201,-5.628907362015272,Content / Peaceful
R&B,0.578302496338115,0.24850930251704595,87.13631445658989,0.6719425586797525,0.0,0.0,-10.461672941845269,Content / Peaceful
R&B,0.5434849479314467,0.6664395762103461,115.70839229798926,0.761478446207924,0.10549054882021466,0.0,-10.013737398803004,Happy / Excited
R&B,0.3342729618667353,0.44444823925536237,95.44402403213462,0.6185835781873031,0.3008463840502392,0.00838632486002636,-6.478908576517949,Sad / Dark
R&B,0.7438425939541049,0.40656987455395194,104.6992732526779,0.7186026771523927,0.19997705785454573,0.06426281604329802,-4.741971690885985,Content / Peaceful
R&B,0.3890965646819673,0.5363191240984699,102.49938692134505,0.6926993251977416,0.33775319984316976,0.03405960089551377,-2.834877519287975,Angry / Intense
R&B,0.2898525468919361,0.5440833213328384,83.46395981580494,0.7804107455439044,0.007424216493168323,0.03731563551124433,-7.760096862696682,Angry / Intense
R&B,0.42519248275942767,0.3719552335397107,90.5587848607839,0.8284500530290926,0.2462216974705781,0.05138402089372372,-3.17071635606745,Sad / Dark
R&B,0.5948384494198379,0.48735605563189577,105.47603544292464,0.6655703853685708,0.17433659750542457,0.0,-4.647485017831215,Content / Peaceful
R&B,0.4843795621395954,0.5836727719560622,81.42460914229378,0.7635947629715472,0.13570881427973744,0.012914563914908788,-4.7443479375217485,Angry / Intense
R&B,0.6844290830795301,0.5571360905727978,69.7099034766925,1.0,0.5118788455409704,0.05613374124441492,-8.006407563181941,Happy / Excited
R&B,0.5306893325106661,0.48935534412905285,118.22169502554222,0.7462502890851833,0.13237542124602508,0.0,-4.257623714860191,Content / Peaceful
R&B,0.8220166339594814,0.758683103253212,110.11251304086363,0.6947375131197363,0.0,0.03485800119041108,-6.503657517688201,Happy / Excited
R&B,0.5737969563746301,0.5670066551143169,76.77980540881349,0.7757408556851185,0.34483244710477756,0.05411693910298296,-4.606845992853227,Happy / Excited
R&B,0.652688779636676,0.5066961764999417,96.86661043334256,0.7291124867253377,0.2661549173659928,0.0699108827985865,-5.212662493955018,Happy / Excited
R&B,0.9031483847268922,0.8468409673850075,99.2743933218228,0.336334445154063,0.43552486991909,0.0,-8.102967843662015,Happy / Excited
R&B,0.4822643032518077,0.5019364039141012,107.79631696168629,0.5640564220873774,0.08834188813125976,0.03715792770987083,-5.2541119391733835,Angry / Intense
R&B,0.6590620796391221,0.4576852837386712,82.34774961174016,0.6693365166212081,0.28598091284270877,0.09427386846362748,-10.5948743715415,Content / Peaceful
R&B,0.5124761113170777,0.3867518026667236,71.56411716234416,0.8166956645344816,0.3316936861749008,0.04247167579736311,-4.657948320538013,Content / Peaceful
R&B,0.4684477875497569,0.5037571228766414,132.9716898675612,0.6953428945740425,0.36026981695811366,0.02031907704816575,-10.19651706015683,Angry / Intense
R&B,0.20241306935378445,0.48473205140781245,114.89762002671982,0.7988291656636004,0.387111574633605,0.0,-3.268255019755373,Sad / Dark
R&B,0.3859681389683147,0.5876671718270959,97.8343633614762,0.7026126179685414,0.450788820744341,0.0,-9.199210511423857,Angry / Intense
R&B,0.5533992326550913,0.5080225245427517,152.03812670532233,0.7876507476439975,0.18859891371720636,0.0,-10.260576821137569,Happy / Excited
R&B,0.37571275542463645,0.5749424303286872,120.83725842551631,0.8321689142387919,0.2843642247469569,0.0038416167148757653,-5.962375287175692,Angry / Intense
R&B,0.46183154042762214,0.783387319449304,94.97295709959872,0.7113662141753273,0.0,0.010228257673861808,-4.8270317240701175,Angry / Intense
R&B,0.3684871619034473,0.46240635651593437,110.68337628373864,0.5723342776481947,0.4086701511312878,0.0,-7.277136440982406,Sad / Dark
R&B,0.358940671128649,0.6091460138556248,137.3579517604701,0.7981497239460632,0.12035721070891964,0.07678102927457381,-7.133359091868499,Angry / Intense
R&B,0.7836624468426852,0.6648679322813672,60.0,0.6195920367044973,0.39165778342530844,0.02758286360725088,-8.5475118954157,Happy / Excited
R&B,0.4422897823660519,0.3121892393883806,96.58602739957766,0.9410689726015764,0.37074000860984885,0.12952085005942116,-4.73520582042004,Sad / Dark
R&B,0.7246714883699577,0.8166302294068531,104.03621214947562,0.701277267849312,0.40489862749330185,0.09269201185609424,-7.459929285424418,Happy / Excited
R&B,0.42733325600219507,0.5780512842160145,111.3039818709066,0.7998091048661562,0.03637485997186013,0.11558030335316609,-7.782329858793701,Angry / Intense
R&B,0.5049389505289416,0.4426549332015835,141.1732613749934,0.7442070670287967,0.12235373789776527,0.0631961774981223,-4.961728441379934,Content / Peaceful
R&B,0.5180864059914198,0.6692788726618398,84.79532862670617,0.6707081725050748,0.0,0.0,-2.8847383886586284,Happy / Excited
R&B,0.8290428667127936,0.5685525243243652,124.6069031550374,0.7039925513391695,0.2134884546148138,0.022825532423277818,-6.749843190647131,Happy / Excited
R&B,0.5134166249947694,0.7086417539294418,100.40217046329926,0.7912481764433804,0.4047070787915996,0.039409289782736674,-8.440542651816477,Happy / Excited
R&B,0.32001279887611345,0.5793414825249498,95.25989912280104,0.7287391428920121,0.24759189411271207,0.14917868300832834,-9.160452511282676,Angry / Intense
R&B,0.21170913413040882,0.6032089883575493,91.97723912658887,0.7516067869729951,0.3375824533426002,0.08420523475894488,-9.514451640767877,Angry / Intense
R&B,0.4553579573642823,0.6157389636544993,110.32741753099563,0.9393449550288385,0.39335559566708006,0.017160570205686145,-8.280871505885322,Angry / Intense
R&B,0.4540707250377668,0.4829486330155762,108.48373805622018,0.745699744558583,0.051452564373673154,0.0,-4.744904893097159,Sad / Dark
R&B,0.6097826003455901,0.6339238000816603,104.12674736091621,0.8826430734608859,0.2854064595736555,0.0006988601064650997,-8.33151008226712,Happy / Excited
R&B,0.592433607895651,0.24270847807923912,95.0513759706766,0.6994160140078656,0.045329371957407855,0.0,-4.880684939703517,Content / Peaceful
R&B,0.5892209973427437,0.5732324833819527,102.90156054291236,0.7292627587948923,0.4364293844287472,0.02617145908518244,-9.416426227637501,Happy / Excited
R&B,0.8271220940286499,0.60814423475275,88.57194030727892,0.5946598281704981,0.3093871331437068,0.014141399751281227,-3.3517064279351825,Happy / Excited
R&B,0.4911957622866393,0.45114049734127937,112.33273949177486,0.8125281892716831,0.27529770514152935,0.053817852383745424,-6.575374241484476,Sad / Dark
Jazz,0.5374184161614796,0.5747486323845885,133.7595500206451,0.4379943230167588,0.9228543818889225,0.0,-3.7917067543122602,Happy / Excited
Jazz,0.22704654481748238,0.30593607628415564,113.77247394414793,0.440957512805339,0.8709616560039832,0.12380574678913431,-10.956932730067747,Sad / Dark
Jazz,0.40748606428483936,0.44427114690061253,113.0568322060637,0.4720816348487871,0.6375112751303481,0.2771820939730969,-10.850909943890292,Sad / Dark
Jazz,0.6509944809209671,0.3102580998703229,88.9369736628127,0.5397498215373389,0.7151244160413466,0.6525394775160666,-15.62318885348459,Content / Peaceful
Jazz,0.21528977193225107,0.32004938772604985,92.00942172204952,0.44975750798956105,0.6244732178594415,0.6274847463742058,-13.152601049690064,Sad / Dark
Jazz,0.5240759198038242,0.42364518376614163,120.84865277236563,0.45686321564085347,0.796590103561547,0.19721656252877384,-6.402328293384468,Content / Peaceful
Jazz,0.46215401866103434,0.2032676293151978,120.6422007097532,0.34934653728182696,0.8198001801763313,1.0,-15.146288366231401,Sad / Dark
Jazz,0.5531795733158376,0.1366741616943059,128.61715688324043,0.3448572060260403,0.6262748072348276,0.1116397828448481,-9.071395095781059,Content / Peaceful
Jazz,0.661168697195722,0.40350778219877614,89.06719883992841,0.6666379946935022,0.6074384808368015,0.0,-10.166443960171726,Content / Peaceful
Jazz,0.3232360522173573,0.5482913190248763,103.56586909979744,0.5384827212707455,0.9302250519828237,0.08151951790619782,-14.263748523569621,Angry / Intense
Jazz,0.48789262837486985,0.6306326978551515,95.24851846178663,0.38271451952662905,0.7917210863333712,0.2583759568010401,-11.389896468409534,Angry / Intense
Jazz,0.2517540126450997,0.7321494913834895,74.5687230907179,0.41817214848127293,0.7151278446236857,0.9555526776199028,-17.299383123730962,Angry / Intense
Jazz,0.8173926616766002,0.5135765231653034,127.51285973269738,0.3319976206876658,0.805671186305711,0.21742374572245596,-6.933354987206351,Happy / Excited
Jazz,0.3446300753427627,0.3830262258315874,98.34180735960486,0.3316220148844907,0.8311979725361871,0.5699284492746974,-7.163959204396011,Sad / Dark
Jazz,0.21521998268669323,0.5596256053511566,190.16346716070683,0.4012866584069969,1.0,0.3463148438232485,-17.48963895024523,Angry / Intense
Jazz,0.4510988092149127,0.5572305951512914,89.85470553005406,0.3819559743291567,0.8090309148439786,0.4208568326868004,-9.661508190053038,Angry / Intense
Jazz,0.5380527265213337,0.47194379793273594,102.03096442571376,0.49012502246395107,0.5808940491456099,0.7807614143009488,-14.537098867269254,Content / Peaceful
Jazz,0.6806155980079023,0.3649589558525702,121.05997032271964,0.39565460838420896,0.5676006853247957,0.0,-16.22129663436984,Content / Peaceful
Jazz,0.4481745834854525,0.4317818768243326,145.3113793984979,0.40205153022640966,0.5877058853599239,0.01603985991924045,-10.079745528383585,Sad / Dark
Jazz,0.7213111224526949,0.5899495401934434,136.29798244441713,0.5430106312447879,0.9746435669564011,0.5129828091967069,-9.415481295903314,Happy / Excited
Jazz,0.44867458210368016,0.1956934943717864,94.48453298501272,0.4588093249904948,0.7291178058751954,0.9593600393595101,-11.674891329635726,Sad / Dark
Jazz,0.688614951044103,0.3347384137635526,105.64972342704297,0.28722900716095173,0.6086507980685142,0.5675547895818509,-11.969759278423467,Content / Peaceful
Jazz,0.6508701791835574,0.4271880922517576,104.42638805086774,0.7392785922923046,0.7059144646930429,0.7456402715174852,-13.60483682617871,Content / Peaceful
Jazz,0.6135359167013706,0.5392023488727531,121.25475911726743,0.15391722004944175,0.7227378691284169,0.7645288133727932,-9.890076667889078,Happy / Excited
Jazz,0.5713342200366794,0.1416614599063722,93.38634787974823,0.513476492049687,0.7815574915180338,0.7601066984372127,-12.579467020584378,Content / Peaceful
Jazz,0.5649318538678103,0.40245613628969407,85.3917179049533,0.16674712695768285,0.7846514538195115,0.46870521835558715,-14.472700168400676,Content / Peaceful
Jazz,0.2409323109574616,0.49446092716131074,107.02239777413344,0.532393713907859,0.9996072795617637,0.0,-14.798403234809456,Sad / Dark
Jazz,0.4664999018700939,0.6182239261219976,65.90790942380545,0.7116619333384786,0.7403783852349436,0.3931198147145197,-12.792239052875626,Angry / Intense
Jazz,0.4301979148511954,0.5572175138903732,82.94437737752683,0.504903843613701,0.6623727501439537,0.20660263441605253,-1.6560992972644168,Angry / Intense
Jazz,0.5670481175605536,0.4919898316991716,149.13330342005986,0.27522450710858887,0.9828437863683047,0.0,-15.075065640154083,Content / Peaceful
Jazz,0.4265549322913759,0.4872585047455759,121.56154798424463,0.4383140837092089,0.7182003983058414,0.14615355341368086,-17.988929577936695,Sad / Dark
Jazz,0.6162418595737696,0.5040559168804278,162.53483125471178,0.35729777741402297,0.8239222815451384,0.34056211605787506,-7.238100059226071,Happy / Excited
Jazz,0.6635140442685027,0.43168140988366854,104.8140953000204,0.584921183219074,0.8170356784884848,0.22835668741586884,-17.311194693917724,Content / Peaceful
Jazz,0.4538347358909126,0.6273120723022314,149.39461476199114,0.3153974289428245,0.5448363876150119,0.7769114779102562,-16.542543619031317,Angry / Intense
Jazz,0.5814872517827213,0.30758931769955145,163.51134773565047,0.35984477611207577,0.8915042295308742,0.4717604231369021,-10.991220583062853,Content / Peaceful
Jazz,0.1847506269837758,0.06956299701914226,108.38302179198058,0.49209778824415956,0.5512203258393416,0.11516584506662414,-9.754109480695469,Sad / Dark
Jazz,0.5900567168731409,0.379338840941811,138.40605163558226,0.307353701556381,0.6666097624369544,0.8814057296194285,-11.72671148024073,Content / Peaceful
Jazz,0.5202100023339199,0.745891987895161,73.01973502453689,0.5635359476634744,0.9695979419712148,0.32903978058040706,-8.561476852580615,Happy / Excited
Jazz,0.3428768804462552,0.29699014066489726,126.54899248142902,0.5638136675043768,0.8881404768609369,0.8594960043430581,-12.269786234220728,Sad / Dark
Jazz,0.6909778808276141,0.3486542734826277,142.06273934764803,0.48697354372078366,0.7868516860622885,0.5385822047261705,-18.41882003919125,Content / Peaceful
Jazz,0.3201405025822763,0.4153812159726284,64.38162761076495,0.5680574434159683,0.8507333949432212,0.5116077548057812,-16.48453605103169,Sad / Dark
Jazz,0.7208222302189624,0.7055815959577536,119.41230482337922,0.5263695991986608,0.7502607982194066,0.5685033729196638,-12.478235026505585,Happy / Excited
Jazz,0.4944697216249915,0.5358576400746048,185.3687248568932,0.277990739527774,0.704428127339555,0.08947106413501693,-5.631900405695666,Angry / Intense
Jazz,0.4059619249088162,0.18351988093213092,134.1456099654572,0.6867604449166045,0.8195396802841144,0.4773434056389368,-10.363436308896024,Sad / Dark
Jazz,0.7263745060520888,0.26887010949787754,111.64458687741062,0.4011502806937607,0.5448202039062434,0.32805492736329533,-7.5691156160702056,Content / Peaceful
Jazz,0.590656343742836,0.4966465750162301,119.39426834959954,0.5280320917547165,0.5999114486477841,0.3333372319403758,-11.231983052125294,Content / Peaceful
Jazz,0.5444025374211025,0.44802817823828095,110.84994153950866,0.41093495785305717,1.0,0.6739004364210717,-10.34741009618951,Content / Peaceful
Jazz,0.462686640286977,0.33231717595841853,111.07598218819133,0.4980677496662689,0.4379346683905378,0.0,-14.54752955575583,Sad / Dark
Jazz,0.533142309884571,0.36410902792722233,159.34363678298453,0.26728841769055006,0.6072981795594944,0.8456256874775083,-11.475522701299413,Content / Peaceful
Jazz,0.6415748132481853,0.7076870414904195,94.18586746294532,0.4470891360870359,0.6791359648603692,0.0,-13.241587215023877,Happy / Excited
Jazz,0.6409699499809065,0.48108843127183615,133.5724950816403,0.4111838325168651,0.6215854145991537,0.7753915881316138,-13.989268585430679,Content / Peaceful
Jazz,0.5470531262069143,0.4245002021016308,158.85151048771354,0.5862836064974069,0.5257112068999319,0.08748511330298875,-9.684360727723464,Content / Peaceful
Jazz,0.48970597641933333,0.33172423240693544,145.46883651983413,0.48436971967155845,0.7278686080334166,0.6383520194114138,-13.500435979774258,Sad / Dark
Jazz,0.7509630376756087,0.2817928565150488,134.70787199026265,0.6463982690257799,0.513405676609185,0.3238661507613142,-7.431170428457769,Content / Peaceful
Jazz,0.685159127636964,0.37427565994176415,92.95986718969422,0.5842716569029991,0.8975323653872407,0.09389426241652943,-16.81565459586552,Content / Peaceful
Jazz,0.5360410691173759,0.4944040950143338,106.02792744309835,0.5483081965977055,0.6134795089743926,0.0,-13.695604289330385,Content / Peaceful
Jazz,0.5101171434420961,0.35862400601553157,80.24190209021545,0.22396563313575374,0.6428866793448154,0.6713436160619282,-6.975210242345271,Content / Peaceful
Jazz,0.6900341414621528,0.27761356972771706,80.38881029108907,0.5245624999473865,0.8152650017396887,0.5320474894561393,-20.056253096951053,Content / Peaceful
Jazz,0.3612984664186453,0.39554668145710326,129.61654583891283,0.5597499571383233,0.741638028342306,0.5126194658307061,-11.660538166555583,Sad / Dark
Jazz,0.6096990998749573,0.44692984772363664,116.97212980141862,0.42511205611214054,0.7321937137563721,0.555685586074997,-10.930098444407754,Content / Peaceful
Jazz,0.5609322269352406,0.6014082792026778,122.95491768239762,0.37563019233848954,0.8525410178991253,0.037464465452703044,-16.325653522957147,Happy / Excited
Jazz,0.553735562355211,0.47745950016798683,77.64846329488014,0.4102337274717225,0.6290874251670512,0.28373062959315287,-8.225608894908216,Content / Peaceful
Jazz,0.6130408741675605,0.3971316730219439,98.62114218655216,0.28454554287138173,0.9330277408172922,0.5857918920797771,-14.826676416292562,Content / Peaceful
Jazz,0.6151359196199826,0.38946645691380616,106.3867148541297,0.5165774986776484,0.6087752625130912,0.32374817453716914,-11.514155743201817,Content / Peaceful
Jazz,0.42008780913836585,0.5003627815401286,171.0719951103478,0.3619412427610715,0.47023120555439335,0.0,-12.601872565979928,Angry / Intense
Jazz,0.39389366557981076,0.4311790751600621,118.97793016078303,0.25158180994016754,0.4477674255777891,0.5028613072969067,-11.458284661120173,Sad / Dark
Jazz,0.4318691202613518,0.15142846223015433,129.1417378829497,0.6253469409051127,0.7616973660328383,0.18270731064178186,-11.821791337715394,Sad / Dark
Jazz,0.2814217470506104,0.5586941070758189,117.45533003588616,0.23013960147207987,0.6748988459334476,0.5497244228655846,-13.332190483902089,Angry / Intense
Jazz,0.4558566845695722,0.21633966894290926,131.9962296124497,0.37569900399751216,0.3965331934492451,0.3160479362122897,-8.075401137718588,Sad / Dark
Jazz,0.4380912885440084,0.6606977477685281,127.86903845645551,0.5040385610964476,0.7007402601123587,0.4008798618259986,-13.053694540478016,Angry / Intense
Jazz,0.4516368972667958,0.4796300743100723,86.92506310628303,0.32013380226584626,0.5515207423686933,0.9927832733496031,-9.87862839331768,Sad / Dark
Jazz,0.5487187522688232,0.2413727994559853,133.70026902024486,0.4448457249610673,0.7521253411697625,0.14654631155820425,-11.358924570329693,Content / Peaceful
Jazz,0.43218663388696266,0.28515832644547184,137.02319007421747,0.2600979848910997,0.8047164396471226,0.6116561173948389,-15.518574702204962,Sad / Dark
Jazz,0.36874744621880523,0.3665461478100397,123.46108631386662,0.44012885106415073,0.7850343690287819,0.9136343027104717,-14.030867076598856,Sad / Dark
Jazz,0.22557120468745273,0.523888537454598,165.4994372778259,0.5110598871966462,0.5568376986969498,0.38531013829414373,-16.47409393684653,Angry / Intense
Jazz,0.6028568790340716,0.19730643959523486,105.996136395154,0.3294360825817922,0.7390237027702442,0.3174243304014278,-11.292951586998944,Content / Peaceful
Jazz,0.5035760887946185,0.25200114584138344,133.80631190587064,0.45366046526039505,0.571720648820115,1.0,-10.094279333131501,Content / Peaceful
Jazz,0.47547831145611114,0.6122806790052735,170.2544682815982,0.44110457509919493,0.7721096229652142,0.14335921095917653,-12.588771003072045,Angry / Intense
Jazz,0.46814999139842084,0.4277240550432481,124.98281435911031,0.5327776983476478,0.7556463984449938,0.0809920645438339,-15.75386842296434,Sad / Dark
Jazz,0.41257478088581234,0.3576639112115157,146.5232287141634,0.3088179317091213,0.6663877427743949,0.686842659499934,-13.199509897986449,Sad / Dark
Jazz,0.5736665039748519,0.3790686935608145,122.70349771974169,0.43029856930475974,0.8200598209092531,0.0,-13.45324803355418,Content / Peaceful
Jazz,0.5474516282710893,0.48005428720092896,159.78857868261483,0.4091667933074751,0.941922264279131,0.2354733285352922,-6.685414353821425,Content / Peaceful
Jazz,0.6307947402717395,0.26298121305516664,124.21117711755466,0.4533393413808151,0.8138376890512501,0.35748395523867327,-13.228984902646927,Content / Peaceful
Jazz,0.7190551332420563,0.3851918658316491,139.792669725753,0.43070430694425405,0.9699994888841285,0.23006630378606183,-14.45657412498874,Content / Peaceful
Jazz,0.7439227489785445,0.33325804136571213,163.0322291849318,0.5759392753473257,0.6968025440158749,0.0,-12.077273217087342,Content / Peaceful
Jazz,0.516260808565348,0.575082659995656,162.65341528720336,0.37095166671131286,0.8401772645982274,0.6343126036837379,-7.706349190358219,Happy / Excited
Jazz,0.5797903859416871,0.10862534635573456,110.33732702416721,0.30975801526080105,0.6896091340622889,0.6944011861174904,-10.77939665650011,Content / Peaceful
Jazz,0.6836945386235893,0.4512630881070309,76.05022180993292,0.13228988914554451,0.7423213142519385,0.36010058942167367,-15.907782957527528,Content / Peaceful
Jazz,0.2278996400557795,0.28978851797909366,109.16525545405672,0.5465641170818307,0.748294662235197,0.8702588292083642,-16.142416224181577,Sad / Dark
Jazz,0.6409694227291893,0.4070948114693092,135.84007372355754,0.40325306777547937,0.8807520560835884,0.5026629323366679,-14.717779939670997,Content / Peaceful
Jazz,0.4980761553738899,0.3640666211594351,129.67535051913381,0.30662902258131386,0.7155972446826457,0.5306860307418126,-11.867906771227867,Sad / Dark
Jazz,0.7155105991022392,0.5161034161106579,114.7755760977776,0.4881695826746975,0.7643498327223,0.5329238891667107,-19.302631982658433,Happy / Excited
Jazz,0.45175579267690447,0.17733413977098608,153.34842842378458,0.4520895623996194,0.6909988575480566,0.6711032529693058,-10.310700810200501,Sad / Dark
Jazz,0.31941847769932685,0.3893641956208947,104.94499080320846,0.233210724481213,0.6164585650144193,0.3686087098353896,-12.45980372596737,Sad / Dark
Jazz,0.2628429722116306,0.5727498374571214,111.93690823325683,0.4648818999658732,0.7800962457509755,0.19933864890697203,-10.174576107469214,Angry / Intense
Jazz,0.44126805663709073,0.2655121689029213,132.20342480066196,0.653917601644235,0.8287244060228748,0.6784337182393206,-14.082522426249195,Sad / Dark
Jazz,0.244380843333047,0.6235206283149762,176.6354466821428,0.6605648805900587,0.6696321091530375,0.09670238515592355,-16.262730791278265,Angry / Intense
Jazz,0.2306027891817522,0.38389320723849324,163.17033874247363,0.4415838578566084,0.7653484350522413,0.8051671500051785,-13.616381247329599,Sad / Dark
Jazz,0.8256850330751352,0.698814161124618,111.06665983958553,0.38492054567750233,0.8245857069585469,0.32269301609471973,-16.626220868269346,Happy / Excited
Jazz,0.7049981845636768,0.582467108091562,119.66534811290683,0.2958275820153369,0.535571062317392,0.45002420075736277,-13.99948413802013,Happy / Excited
Jazz,0.4454251308573427,0.5532944732590005,136.99537952267673,0.6391585484646897,0.5714065164934113,0.3239063607677206,-8.964073218159548,Angry / Intense
Jazz,0.5716925345620627,0.6298570573881432,127.61610117712208,0.7002541835337218,0.801002670258471,0.7174068853248249,-13.29405978713783,Happy / Excited
Jazz,0.5022859539014383,0.5366416605759213,163.38934511779163,0.554800803410398,0.707524234209807,0.8056538082679356,-20.767914625119523,Happy / Excited
Jazz,0.27244247975890024,0.5022451335502583,115.42325068759375,0.5387167746461415,0.7296611283647912,0.5798647944890843,-15.257611283972762,Angry / Intense
Jazz,0.5912777737727505,0.5491621792311376,151.61651811793698,0.7217620583043309,0.756614766525358,0.4966951043172101,-18.09268985669539,Happy / Excited
Jazz,0.414974175817852,0.3710376888990081,146.50958656829064,0.38056985386834824,0.8394510029623248,0.41954591925025353,-12.708672460459047,Sad / Dark
Jazz,0.539823035061321,0.34132654416207364,102.12888255722004,0.23837783224728512,0.6828068689008165,0.28560891907835656,-14.063923957396318,Content / Peaceful
Jazz,0.5666996900144065,0.4987947929185765,121.96583513926983,0.5894039747584316,0.8063342888745547,0.3373842668544202,-13.851425142857519,Content / Peaceful
Jazz,0.5500515578826954,0.48606506648528514,156.93532921094496,0.6148524958422125,0.6387790490239247,0.3914382415643667,-9.315928780328921,Content / Peaceful
Jazz,0.6708796444894355,0.5408454203057188,113.0836650150596,0.29697705518429285,0.5701595435631612,0.496337384009436,-10.631097682302618,Happy / Excited
Jazz,0.3242113002504984,0.40668544163339077,133.9367307091535,0.3103405345240713,0.8857495802706621,0.31429127840324894,-6.969547549693396,Sad / Dark
Jazz,0.4146476086758559,0.24600617756737317,101.25589030474842,0.4476307439999484,0.6617280139842778,0.35951960195952826,-10.66413940129524,Sad / Dark
Jazz,0.4726113008325761,0.390083140907199,63.72320802392212,0.5109207420813615,0.7066195053462497,0.870882034535204,-15.758260669015833,Sad / Dark
Jazz,0.2106727474400777,0.4927102740895063,125.39581054939,0.3289037073309511,0.49053765674938626,0.8504710845916013,-6.343558437572873,Sad / Dark
Jazz,0.10200691860701927,0.3312665456115249,164.92576164351698,0.39811186748887734,0.6464081648960021,0.34082738826377684,-16.483587895072638,Sad / Dark
Jazz,0.22723588092351293,0.5578820966102123,60.0,0.49214528877413827,0.8529869239136474,0.013656636307675607,-15.697073610380286,Angry / Intense
Jazz,0.6941086701426544,0.479933758034056,96.48142879363338,0.6162923704369523,0.9009803585181453,0.495334754044398,-15.60064091149465,Content / Peaceful
Jazz,0.43384820744451275,0.44295801159330855,109.34215512557535,0.5820644331705307,0.49053388798359954,0.0016062118614530996,-11.27651555407027,Sad / Dark
Jazz,0.42135289379089524,0.3059427077953389,61.95829842476808,0.46254095982376364,0.7120867337998851,0.6029741149464873,-11.724375467516111,Sad / Dark
Jazz,0.4787833474815205,0.5765500955185506,75.6259808965435,0.5297305984501849,0.46932792528069767,0.1852586735997738,-16.850628530493253,Angry / Intense
Jazz,0.6251108056723069,0.39018846496069093,114.5949026622107,0.3161247115951714,0.6750459756100666,0.2062297150734487,-10.466179940583135,Content / Peaceful
Jazz,0.34142541834694184,0.5994691547807613,64.73258651127716,0.35515242178064704,0.9715800764949144,0.29816115057063036,-17.259514657617647,Angry / Intense
Jazz,0.5350514500060269,0.3286911636678187,89.92389233145082,0.3175367945961668,1.0,0.3495654679484418,-19.70226944133151,Content / Peaceful
Jazz,0.7389935614408855,0.49166063576658564,92.00600706940637,0.33869451847080156,0.8210209194237346,0.35086286830295266,-19.703911273780406,Content / Peaceful
Jazz,0.785958394336747,0.33490143066760647,159.8671520944728,0.626196544535543,0.5698485683275778,0.7092931620216814,-14.605770199454724,Content / Peaceful
Jazz,0.2013279061113693,0.33631027509667866,126.92912505328837,0.3998442357604761,0.6739427488612347,0.7401984925800116,-11.574024078839633,Sad / Dark
Jazz,0.3650722701944076,0.505304548550099,120.93026700862735,0.13219137580993445,0.7842529370657173,0.5297120381605085,-11.91951548167656,Angry / Intense
Jazz,0.642672092971132,0.2991409623510247,125.09499366462703,0.2562952817482441,0.7810635575098247,0.9668567147511711,-15.979425409870164,Content / Peaceful
Jazz,0.37843165888195596,0.29349768356626715,118.89994677404786,0.3218052845290167,0.783187106803647,0.6571151847313663,-9.862611146184863,Sad / Dark
Jazz,0.21705353189790838,0.5492751497737909,143.1210224276104,0.5679209784050196,0.7759263372983737,0.48165300797743715,-7.870442407494413,Angry / Intense
Jazz,0.8077621580165527,0.2570439304952725,147.34376187384316,0.4487917772590312,0.7005490421957099,0.0,-13.13915763806158,Content / Peaceful
Jazz,0.3404376067250535,0.3304218355741082,82.0544084866555,0.4016419096493092,0.6590834464464895,0.44709137716286407,-18.458999449165326,Sad / Dark
Jazz,0.26871709636074825,0.454287140609579,91.07685648789703,0.599688872729891,0.753790458302257,0.5898934020577941,-6.357230718316421,Sad / Dark
Jazz,0.4504462701109484,0.31382699418755866,141.1510775679644,0.5262367633108592,0.6919004535268048,0.8096082307476637,-12.848977239359723,Sad / Dark
Jazz,0.5052437820089251,0.4031833976251388,86.96218315304587,0.47008610063323086,0.9295140266097737,0.5445911283053292,-11.875746294404275,Content / Peaceful
Jazz,0.47411723501349295,0.4496300542609527,137.49299885467556,0.5392010480156679,0.6702202707267031,0.5109388463508321,-10.080241035406885,Sad / Dark
Jazz,0.33884880199568346,0.4252345811775542,60.0,0.522729382276754,0.8190514581844022,0.6293129152202086,-13.58018740867827,Sad / Dark
Jazz,0.5494474936038456,0.613593076831175,157.41308944873776,0.4562075491005471,0.7408979446094339,0.7310551205256413,-18.0032080610487,Happy / Excited
Jazz,0.4483078811716761,0.6003355683305135,144.25601625054298,0.5080042910944876,0.4941251392004069,0.4060251347484746,-14.359661584999731,Angry / Intense
Jazz,0.5529662244507542,0.278597997280768,84.22829815076177,0.19156751390112658,0.9032707027465052,0.30806425679594385,-11.371416865189861,Content / Peaceful
Jazz,0.499641901364131,0.23988491005592513,77.2280526565542,0.3293090336203594,0.6115247341755911,0.5226497491638654,-15.182870654082446,Sad / Dark
Jazz,0.7794385010551395,0.5540726553839727,139.25078648997126,0.4444443426784905,0.9471421103580725,0.35895842328608524,-12.125045656616985,Happy / Excited
Jazz,0.5271959263598831,0.5052734560815016,134.10724237008955,0.3982337138022016,0.6400509420861069,0.5991728280025836,-9.13905366443507,Happy / Excited
Jazz,0.4370638200283403,0.16192178954823194,108.78051711975266,0.5410583538473617,0.9908125269629671,0.08457177054461462,-13.706285011322294,Sad / Dark
Jazz,0.43769543015593976,0.6033708009147252,113.95175498624101,0.34204754728160547,0.8038042924382729,0.306701214388535,-16.897549093431817,Angry / Intense
Jazz,0.3571562708358159,0.6601062931633929,126.52627664948386,0.4740088072088306,0.682515939628193,0.5018016757932637,-10.879056215990023,Angry / Intense
Jazz,0.5467470125131721,0.417226763541663,141.0639501491665,0.46300356498009504,0.5733091746671042,0.24852159054775688,-19.916074773958847,Content / Peaceful
Jazz,0.8242907385667828,0.529413188792903,90.09788514612289,0.423360169578377,0.624468528869035,0.8519132191847527,-17.679508657083716,Happy / Excited
Jazz,0.5183161694110047,0.3837208236152728,139.80515892127343,0.4464788003957897,0.45626866850168474,0.3496870063001165,-15.8886488717733,Content / Peaceful
Jazz,0.5127327274490497,0.615126555478049,62.81724267303166,0.3559710443980125,0.6370960569324754,0.3131432932843008,-9.039497343579022,Happy / Excited
Jazz,0.472232893190178,0.4623704088580668,96.2268086880467,0.4898901649043319,0.8366696446316572,0.2149561260736152,-8.87456752077394,Sad / Dark
Jazz,0.5083796429964109,0.556819036072338,108.95740299769079,0.5095618051710729,0.7139090652482205,0.39306056662863786,-10.96427828709724,Happy / Excited
Jazz,0.5858891950759846,0.21256526321139926,158.00900826453633,0.2182438047285262,0.6172781835391656,0.3936046601858278,-10.350576123656207,Content / Peaceful
Jazz,0.7521876044386205,0.1212562767662339,99.76917614830867,0.18351164658609553,0.7247432960865371,0.49607140366000857,-5.6368170313149895,Content / Peaceful
Jazz,0.5193015617429526,0.556603769416357,132.51511244617177,0.40341773438932815,0.5086558879811941,0.49700064352170703,-17.968408068581454,Happy / Excited
Jazz,0.7072331316271431,0.3756906846944764,150.8553223453425,0.3975721235627881,0.7603276179601488,0.47861768005371286,-12.180176472043696,Content / Peaceful
Jazz,0.43077447785654527,0.45886840277057805,87.21510209550375,0.3027734072353224,0.9064240339990242,0.6236070368897881,-11.73643356559104,Sad / Dark
Jazz,0.766422781207005,0.3598351721912733,154.6810965996694,0.48282463104035683,0.5662873874885415,0.9374512536958379,-8.03715661350366,Content / Peaceful
Jazz,0.4806366350384697,0.5090756889300924,102.8888969800628,0.5677893745577405,0.36133821520740605,0.13445562656551374,-8.08296102285215,Angry / Intense
Jazz,0.4600551138849729,0.4311313442333113,74.59643013653695,0.7002227094412734,0.8985794465576514,0.36380813885490765,-13.618783427453305,Sad / Dark
Jazz,0.664736697827151,0.6973705675253392,143.61280767434062,0.7423343467615583,0.5816473006407124,0.19057168746033856,-16.755764472213393,Happy / Excited
Jazz,0.5706817039439167,0.42634053247065556,110.44146629584043,0.5652036216560289,0.9048492907821996,0.0,-14.387888111604461,Content / Peaceful
Jazz,0.6312229750596896,0.3298391974212127,91.05381770925538,0.5924098655945513,0.5265749895414029,0.33555765381849056,-10.685423896780765,Content / Peaceful
Jazz,0.408188813774381,0.5174733484019762,97.93369074407893,0.6431205341479695,0.7011380553756341,0.607955638277499,-9.015904188068735,Angry / Intense
Jazz,0.39959359956094836,0.09197701770161676,125.82267263991504,0.4693974851262331,0.8033739041362691,0.35657230773280535,-13.721710795202863,Sad / Dark
Jazz,0.821355681757072,0.17914689077338336,137.01851435092715,0.3853017584361592,0.6696332073389366,0.33121120687928957,-15.213737096685028,Content / Peaceful
Jazz,0.5913958736377983,0.6085965393924936,129.10040983739984,0.4734396595075724,0.572033925135113,0.5647110744308462,-3.374601473082805,Happy / Excited
Jazz,0.4390888601927852,0.3436024630972201,98.16732607057008,0.39637614951572536,0.3082050669491423,0.5334099080395995,-15.382208705418455,Sad / Dark
Jazz,0.24235790099331195,0.5129784924598824,82.53946644874192,0.4159730229951115,0.9399663586782869,0.025419576553136203,-18.130392938391047,Angry / Intense
Jazz,0.5430889903299742,0.5724231046015553,67.76974846804112,0.512999665788833,0.8071499309942538,0.0,-8.805994648371119,Happy / Excited
Jazz,0.6402569407747487,0.3532321640115963,152.57039086894025,0.60773922466223,0.7354676888575807,0.2935952907090186,-15.891311570331828,Content / Peaceful
Jazz,0.49398983850140943,0.48546383795562686,105.27469416878077,0.1743248693159361,0.9103070841864855,0.4732625021165702,-13.518497986707334,Sad / Dark
Jazz,0.6371453421477261,0.6286957894724134,60.0,0.5164542744898694,0.5060026183784478,0.5597509419037036,-11.488291190501682,Happy / Excited
Jazz,0.601716244230488,0.32511285782580174,60.0,0.40145213513663314,0.7810271452709674,0.7043098520290625,-16.6873252018901,Content / Peaceful
Jazz,0.6643296682996828,0.30281915655302183,125.87349644783579,0.39371378612746777,0.7473255941568152,0.6697257376796769,-16.908056309154144,Content / Peaceful
Jazz,0.391215056520507,0.427744388101313,187.04750983091057,0.34778533741831236,1.0,0.9812385250290478,-12.389244602806365,Sad / Dark
Jazz,0.4522955958080159,0.2961902202002963,112.95392409001992,0.27712647376725746,0.7085641474019103,0.8391264766782398,-14.44434024990687,Sad / Dark
Jazz,0.4614841113617519,0.14482892885991377,126.2218626439313,0.49438261904367864,0.7295553539648656,0.35928842593779986,-13.171031675089818,Sad / Dark
Jazz,0.5803040373921076,0.3956775097617065,124.44915614665996,0.48794776626909125,0.8885140930643642,0.6095583472650152,-11.228552627399237,Content / Peaceful
Jazz,0.7429475249043488,0.46304027935848424,154.14888066371256,0.538902539090263,0.44371213816026855,0.7853537337294123,-11.459295034629324,Content / Peaceful
Jazz,0.49168723665587555,0.44220225212343656,104.65050514128798,0.4895137518505629,0.6312185900485361,0.7767962324456237,-12.454352454484201,Sad / Dark
Jazz,0.43878658516441066,0.26126112764210896,123.06327367445924,0.484323923016262,0.7782636920516259,0.13236947149856387,-18.404724795246292,Sad / Dark
Jazz,0.6000946084010496,0.6226962792814762,84.20939132830311,0.6666273668630208,0.7625866588104571,0.41802238672576764,-13.590194786183112,Happy / Excited
Jazz,0.2784771168920005,0.54815927738869,91.7318091568719,0.35862513215411196,0.8687889464830432,0.0,-18.094391242672668,Angry / Intense
Jazz,0.49709852103870694,0.4439926643507278,129.5420394390677,0.4207661958584872,1.0,0.3561900835455664,-12.923144608410889,Sad / Dark
Jazz,0.3724821329897796,0.4185860224781607,133.44883696140323,0.6164651470893499,0.49660736033396724,0.35112130526040375,-10.213185556763424,Sad / Dark
Jazz,0.5939292055351257,0.4009822986706809,131.27271908596305,0.35483469391964595,0.9536858148477535,0.6979358688342403,-17.37971114826069,Content / Peaceful
Jazz,0.32798351230131906,0.2429617374839641,135.33909912689586,0.29298539036572924,0.6703463498687879,0.5473172309966968,-12.264663738185739,Sad / Dark
Jazz,0.5414220025140329,0.2401295932976863,132.84563120191734,0.38028245397812044,0.6713070488403088,0.48656488381367613,-11.587687113876607,Content / Peaceful
Jazz,0.5038368030424949,0.28740597670348667,106.01351766402423,0.46028386680881467,0.5137372150249373,0.29049076943225394,-10.449280483868614,Content / Peaceful
Jazz,0.29561014338474517,0.573487247739136,153.08839787799528,0.2981304251251889,0.9236429449575209,0.37979715516060236,-10.32594176337178,Angry / Intense
Jazz,0.4205358316594805,0.5384567240840143,127.18282056546002,0.3541600766423115,0.5452197000052067,0.011115318141417585,-11.248232894268973,Angry / Intense
Jazz,0.5915954258847578,0.49764485181691626,111.46056716177867,0.3095904607636327,0.6176887802964325,0.7426576189093392,-13.938514258400325,Content / Peaceful
Jazz,0.5229468209090362,0.23865242746376691,125.09749136377104,0.4005010069817199,0.8770069070663645,0.6365961577379078,-13.9828237862996,Content / Peaceful
Jazz,0.47973375562437387,0.3173325639939057,72.4170041036497,0.34853248415886184,0.749732599158123,0.5110726595042829,-11.405808385629445,Sad / Dark
Jazz,0.4517227113666183,0.5399599908581478,116.90625713682812,0.5514229976524732,0.4539337301696222,0.0,-10.86484788864768,Angry / Intense
Jazz,0.2720374954045617,0.3681322445930416,105.93708876926183,0.6663620783140198,0.779999482941541,0.46644052750362835,-8.652035381465305,Sad / Dark
Jazz,0.5589596138942462,0.33134845105173505,147.1442779076368,0.31573248337452436,0.7684870781300344,0.0,-11.18422456993602,Content / Peaceful
Jazz,0.5308783426836687,0.6514682442871994,68.05078319674662,0.3818846671390044,0.8434023639861216,0.5138888317912462,-11.278779794649989,Happy / Excited
Jazz,0.3470182875266337,0.3113772477862856,152.3512302466977,0.4533038048119894,0.776303954421671,0.38774726794258585,-16.73234206099906,Sad / Dark
Country,0.7694096681719995,0.6654202099892245,163.5014630726094,0.4482860482384401,0.5480631258160865,0.0,-6.185306864653844,Happy / Excited
Country,0.7762410542501064,0.3306224349074567,118.31121546365105,0.4980469292553118,0.2736476863068781,0.03540850609037417,-4.25862858715481,Content / Peaceful
Country,0.5986754055633351,0.6267132355828026,124.05755755506647,0.5601983856992057,0.2039183252118209,0.06433778406891572,-5.909609263682328,Happy / Excited
Country,0.6831810384004124,0.4951537482266743,113.73403283619368,0.5406252382518144,0.12385755517920677,0.0,-7.701495861277135,Content / Peaceful
Country,0.7036033226307824,0.5150921393091077,103.66150644336716,0.4703845781438563,0.31803836383384376,0.00584564148719585,-2.1689570955868867,Happy / Excited
Country,0.7887393005579709,0.7332206345966246,143.03444655692087,0.4501297043732546,0.179974369302297,0.0,-3.8309877333243243,Happy / Excited
Country,0.5324493137788014,0.4373236963088927,114.24206839604336,0.533753391511391,0.4483143892650212,0.030038040828481723,-8.156361127747017,Content / Peaceful
Country,0.7297050228021937,0.5169048406124794,119.18702593930922,0.6355451477553691,0.2844721472900186,0.0,-5.316663900613738,Happy / Excited
Country,0.48276269174319686,0.5499770369314708,132.00335920477207,0.7859501685579573,0.5089728108572944,0.038905590519600464,-5.438396832654541,Angry / Intense
Country,0.44828955614927213,0.615027576028388,121.46420320994477,0.5953742994410032,0.4209714494456568,0.0351879870966845,-7.122934389798403,Angry / Intense
Country,0.6293774267794868,0.44038228641259103,116.24166899594755,0.7129916902994309,0.45738550113308607,0.019163158504676925,-2.7077534474913065,Content / Peaceful
Country,0.4022664034718273,0.4557707777919914,152.8288054029729,0.5650557029653828,0.3563350534678371,0.0,-5.604607467209976,Sad / Dark
Country,0.707113579124394,0.45771573309146346,119.47503946009229,0.5230932584763628,0.4460758863553788,0.0,-3.9961050909736855,Content / Peaceful
Country,0.7665318050556167,0.5527871773647339,118.10446319050932,0.5449935634694623,0.2599044604588294,0.002262823270598572,-7.040540735349218,Happy / Excited
Country,0.8780589393131405,0.7230603800829567,138.8237847320592,0.6006918174304829,0.1988811383923778,0.01834035581690483,-4.55902308077324,Happy / Excited
Country,0.4186776593012339,0.6827519168935243,163.8069660547298,0.6767998310588705,0.6545252444011578,0.02873355001768643,-4.56413610247002,Angry / Intense
Country,0.5051434857033543,0.7034622956043595,133.77898641309375,0.591890229144143,0.6368813355493297,0.0,-6.8741150329473255,Happy / Excited
Country,0.6352739266173274,0.4661505737583779,126.08477498840446,0.37091765457507686,0.5884518161970776,0.02186549466263863,-7.541785807807527,Content / Peaceful
Country,0.48650022203278054,0.5695047261495056,134.38867479390345,0.6202512876611317,0.273003169489877,0.0,-5.186202587360706,Angry / Intense
Country,0.5044244152615953,0.6077882706303355,124.22758356543699,0.5943268344899413,0.5544886774327369,0.0,-10.322318650520975,Happy / Excited
Country,0.5292084350034637,0.8341986930181842,158.39913380157282,0.7614294849122477,0.3652633538030759,0.0,-11.186078203303682,Happy / Excited
Country,0.5217538941520942,0.5742504280805831,145.41125721900727,0.6554586005496691,0.44093291421849173,0.0,-8.42155911648978,Happy / Excited
Country,0.6606604299314297,0.6906166272491644,129.0538627204205,0.446194224443268,0.5171201731825755,0.037036438684056455,-8.641332812380357,Happy / Excited
Country,0.4945086447519591,0.6895044766930036,117.77886436737396,0.7348062031800103,0.49020326969162376,0.0005347524724292341,-6.520411200781865,Angry / Intense
Country,0.6301413428220349,0.5053092592785777,105.57341243280273,0.6371528883190449,0.5521491934675773,0.04415125878211835,-3.4693638113523964,Happy / Excited
Country,0.5333162822381436,0.8176551995892469,105.78341986602524,0.44860458802946585,0.08320740121313497,0.00216818744692732,-7.507444673658908,Happy / Excited
Country,0.7041499648407441,0.6317058224106586,100.52647932165553,0.5168001137731602,0.33313683620421664,0.0,-8.46189345402674,Happy / Excited
Country,0.4966698191017457,0.786371252576723,125.44611288723235,0.632838562934225,0.13024561051314187,0.06776857932055967,-3.8977958739518144,Angry / Intense
Country,0.30026480525685983,0.5083088258909397,130.92378031427918,0.6308827298892001,0.2778709485123001,0.007780021477853885,-7.694762122090285,Angry / Intense
Country,0.6376668875113791,0.7556332090900486,108.12124117145832,0.6700902547545255,0.25929902697756024,0.0,-4.862810763313574,Happy / Excited
Country,0.7675098204812187,0.710683291779145,98.31564665207345,0.5087453924120745,0.5481379465605979,0.021661673622555784,-8.647385692394929,Happy / Excited
Country,0.6933308702600707,0.5070750563311088,154.30144727105983,0.7299325608660086,0.5087375367440021,0.07444026819079094,-6.370417299753238,Happy / Excited
Country,0.7424699991000026,0.7921036383892697,126.41897627229763,0.5319294111334288,0.09316804752811919,0.01667465897114024,-4.8531536308753775,Happy / Excited
Country,0.7713013484108208,0.6655674585433933,112.25661629067969,0.3425496274157651,0.3108612823591477,0.007826205157841944,-7.125857934380028,Happy / Excited
Country,0.7189690171164679,0.8581379334319291,124.22352563313967,0.5361595031927893,0.35334007365926334,0.02497539067630857,-8.156587520696798,Happy / Excited
Country,0.6392317693993688,0.6586056037231339,125.77434914434079,0.610329612740526,0.47807456968273637,0.0,-5.226259683209194,Happy / Excited
Country,0.5126376246940074,0.45754090880948545,102.11986709861007,0.6076895771519782,0.3599365130995265,0.0,-5.543924369615433,Content / Peaceful
Country,0.38966269907218765,0.6181767766073674,126.29298066211497,0.657413478986455,0.7207032615640332,0.0,-6.604947712126099,Angry / Intense
Country,0.5757863527929252,0.656387459174925,125.88203787680513,0.5212199132989719,0.32063760605004604,0.0,-4.524276835186981,Happy / Excited
Country,0.6934726690559246,0.7193098657133679,116.41286954344075,0.4877480984436127,0.20590328800673902,0.034356703349626386,-8.57958644905647,Happy / Excited
Country,0.915786091034648,0.43000646445785273,126.92588214582503,0.7323540177935165,0.5078361566674856,0.027026948499671175,-8.436967293923791,Content / Peaceful
Country,0.3989169298291674,0.7001065141592862,149.11065033394902,0.5117265010474012,0.19496892862905685,0.0,-8.461529687325076,Angry / Intense
Country,0.6018149052001536,0.8078860213087754,134.11640646019345,0.5935593945177429,0.32797846096579647,0.0,-3.6887048049840727,Happy / Excited
Country,0.6521181665213424,0.3266619100502671,109.87628633784962,0.4655962365051211,0.3016724783480563,0.04251642641140341,-6.7148897635884985,Content / Peaceful
Country,0.607701534879414,0.7707515109722808,109.46370038383961,0.7650619478476085,0.27916463355320453,0.023567927864502854,-7.0624071908055335,Happy / Excited
Country,0.6397470613601538,0.6577969593595068,129.80903432159977,0.47715709363173625,0.19787535805943732,0.12012687163622844,-7.467968679201106,Happy / Excited
Country,0.7318739901875179,0.3910066296319844,116.96697104171582,0.5460080677619313,0.4851067125870099,0.0,-6.1677187738433386,Content / Peaceful
Country,0.43604136714113717,0.6421649424553401,103.34607445691307,0.46589690344818613,0.35074703012921177,0.0,-7.45106889347071,Angry / Intense
Country,0.4290598770330696,0.3616878412791654,140.32322694372846,0.4174346437893679,0.367837440230563,0.0501156432597514,-7.729888205032086,Sad / Dark
Country,0.48797345604071396,0.6294109515267647,142.12280880908872,0.43137532084048846,0.37297339023686105,0.0,-7.28640200736438,Angry / Intense
Country,0.6254727495260921,0.48889879657184143,113.77414699114584,0.4050950554861805,0.4138741500486689,0.06222776995532599,-8.694287739540927,Content / Peaceful
Country,0.5203725173516187,0.6653310120390437,143.81763294780924,0.3957491206570176,0.36961874726512917,0.031325232892781,-6.704112781257696,Happy / Excited
Country,0.22371326929966606,0.6651417012101404,149.3480543196316,0.5728327926286454,0.21440091040703263,0.0,-2.960173864688814,Angry / Intense
Country,0.7655940065376894,0.6832034603899628,128.41542650361876,0.4872749176589931,0.3638971874819617,0.016883090572859367,-5.4008513678711125,Happy / Excited
Country,0.8614270230827046,0.7453839577831066,96.45108159567127,0.5846394465791154,0.5326174021302215,0.044754413205785416,-7.758467526774838,Happy / Excited
Country,1.0,0.4339790068969545,102.5026079600111,0.5856954589387734,0.7810245498934936,0.0,-7.031656731293984,Content / Peaceful
Country,0.7923669876825108,0.5976779198645946,115.97713061845468,0.6222196192075393,0.44905323824132676,0.06121755142547165,-3.917062221869273,Happy / Excited
Country,0.6691204896008579,0.6379252542991801,125.8539976811504,0.6138043612314217,0.40993071481686355,0.019975660707108423,-4.106745758345515,Happy / Excited
Country,0.8625785888568069,0.40401811719765524,122.18038073133025,0.48424361232102425,0.344025136032507,0.03610064838941286,-5.161123256915063,Content / Peaceful
Country,0.6020597690221848,0.3512657564860356,104.62917954962876,0.6586149637220183,0.0,0.06749708606728,-5.457540018710917,Content / Peaceful
Country,0.8305881730448035,0.5741860057054751,84.89470236758771,0.6073398905657148,0.6294375623269014,0.056988872220536835,-7.825382966976071,Happy / Excited
Country,0.6338817720740235,0.5307312850586099,107.25320364459131,0.6650927428297837,0.18444418397227086,0.0,-8.708051266944771,Happy / Excited
Country,0.38156039627215255,0.6190338579395385,142.90705487267556,0.5396635568130208,0.12896539589845007,0.05359778158968111,-3.128596491930057,Angry / Intense
Country,0.5166012281365449,0.5377879453266966,131.2818913415011,0.7384061122563557,0.3064298537694593,0.0,-5.237162787455187,Happy / Excited
Country,0.7478508917027679,0.6007970885565794,111.95360132616588,0.6693816604091252,0.49504648081863356,0.0,-6.401810537388657,Happy / Excited
Country,0.40372679487605656,0.6891657593369296,117.2797957511086,0.512071808437679,0.39408259267256185,0.021612307973209913,-4.710139876868879,Angry / Intense
Country,0.7145744850120355,0.5796667937569356,135.74602669494192,0.6040810979060774,0.32321206546851333,0.015011273670540564,-6.796445777686242,Happy / Excited
Country,0.7008418149078722,0.5522870600861866,114.9726346444106,0.7765633040377355,0.5691523867144788,0.0,-5.358118012115604,Happy / Excited
Country,0.6389360105048284,0.6509016527838122,124.47214384217189,0.690860691003376,0.4622116620372603,0.017516452071428504,-4.415618846033965,Happy / Excited
Country,0.6573256065740595,0.6157922153127775,127.65240684475006,0.5497030074296997,0.40166085873918445,0.0,-8.002334439247758,Happy / Excited
Country,0.4602287381628096,0.4190421727163801,106.16508749507798,0.5408306262086382,0.41856116484021466,0.00914813747409438,-11.211406980254715,Sad / Dark
Country,0.8719338172419748,0.7412424159757496,130.0236773219083,0.7698239739808596,0.22407445885293212,0.0955050048250402,-8.430428153501095,Happy / Excited
Country,0.6581980680466171,0.43440114773255345,122.26449371979861,0.6024783147798228,0.3721557403957802,0.048555097763605504,-6.301971101025486,Content / Peaceful
Country,0.5364136434595985,0.5263142686856959,136.59644790708253,0.4880883767212336,0.5647725346872887,0.06890847171327724,-9.83742772469226,Happy / Excited
Country,0.8012682219681655,0.8678549507978108,126.5360677016347,0.6258992603824305,0.5866609583864486,0.00898070739283911,-6.135439552924261,Happy / Excited
Country,0.4097280752603025,0.6180225537089586,130.96601592160175,0.6167779325219117,0.5917764502475645,0.0,-7.565213513346993,Angry / Intense
Country,0.9232811753586168,0.5804573114107177,125.6006081716219,0.5526288954102258,0.252097451265096,0.08494116843567226,-7.555402823841211,Happy / Excited
Country,0.4396343162068912,0.5414037639506423,85.9692919689404,0.4883583788518501,0.22573685238658123,0.04469714523709298,-7.846828479119745,Angry / Intense
Country,0.7620486296926158,0.7818029190990118,136.06115605317677,0.5363072882253916,0.42540060940700675,0.0,-6.7675587450424795,Happy / Excited
Country,0.48232984510930665,0.6902624295494089,168.30954300640053,0.6149803799571191,0.04159477318816007,0.005550792283425081,-6.25501814925109,Angry / Intense
Country,0.6339771880416422,0.504994293670862,126.41525136746483,0.42332490793886746,0.22991642991668798,0.04583190566414846,-8.531326461759651,Happy / Excited
Country,0.7061138568787612,0.42196970929471245,153.76686590825125,0.474830308535554,0.35974001707538006,0.033224530443616236,-7.630699905002189,Content / Peaceful
Country,0.6429449537714087,0.6747963741876163,139.29103818506275,0.6470647179570254,0.3690741165155187,0.01413472903825591,-1.8017828839499348,Happy / Excited
Country,0.7719822509198867,0.4801629246783722,123.79978694777994,0.5231342547343989,0.37563983789384026,0.0,-7.323846468771906,Content / Peaceful
Country,0.9098489237110261,0.6752799191138154,77.15909465327371,0.6938395841747742,0.596133314123649,0.005628587827743338,-5.06547291243357,Happy / Excited
Country,0.48249612626924787,0.5388667568853736,148.97383449205736,0.5301096956143321,0.06344830084810166,0.01746787108874653,-6.657176785828714,Angry / Intense
Country,0.8117389710997536,0.6018637348828488,114.41151839407473,0.6749561759754327,0.4217422418501999,0.0,-4.190004878916765,Happy / Excited
Country,0.6509858823226878,0.6003803756683269,125.20235104540978,0.4422264791441744,0.30502232028789933,0.02014330407331133,-6.88932739004936,Happy / Excited
Country,0.8235885412506553,0.6282627608545104,137.38827060745524,0.5610334890033435,0.5901319270743022,0.03590111026292615,-6.47315902922308,Happy / Excited
Country,0.6178747057665569,0.47592297858217475,131.12448296245358,0.5555774792009983,0.3096414471673832,0.06425847083248287,-9.000432051789602,Content / Peaceful
Country,0.5524006567308105,0.7336034373413394,127.67941293656456,0.5547355179581968,0.4451806377670264,0.027176566841953652,-9.533325092571843,Happy / Excited
Country,0.5641180983443261,0.8101478150867873,110.13216557401098,0.5249868884485233,0.30250826260434627,0.016519391067274503,-7.666245662648596,Happy / Excited
Country,0.6978786403452896,0.6256507435977346,135.92385707192634,0.44439647171921437,0.33873871308107745,0.0109710947355146,-5.58870617982281,Happy / Excited
Country,0.4930846084468745,0.7190349945535848,143.35548062931696,0.45122404176008585,0.3116428789191582,0.0,-1.2352275906450032,Angry / Intense
Country,0.5512159831667381,0.8180913074802975,99.20062408808103,0.4511383937219201,0.27641118426732386,0.0,-7.035797468316997,Happy / Excited
Country,0.5065954875645603,0.49348559294450545,142.8524959365199,0.6946172984764483,0.5708733697075569,0.04095995822337312,-6.314513868440895,Content / Peaceful
Country,0.5404750894934546,0.47608952438183805,128.53392266178838,0.4309006568198523,0.22109423274842924,0.06611653024819239,-2.698701916555826,Content / Peaceful
Country,0.6829272221066369,0.7438394297983038,117.5747302860083,0.41285583953035476,0.5101908913513451,0.042771572930802554,-6.356662892239512,Happy / Excited
Country,0.5812199267031821,0.7250873752155427,104.25680539830546,0.4748841363220277,0.21854082878312298,0.02339891850543309,-8.675786024218517,Happy / Excited
Country,0.510521251117561,0.5082517769104642,117.30905001798875,0.3963888108955626,0.4156968985667081,0.06989214602658711,-6.229017255366476,Happy / Excited
Country,0.8666113831682113,0.7734197641640003,135.99923085046137,0.5682154426900575,0.40405006988417913,0.0505519908945304,-7.283341219008065,Happy / Excited
Country,0.31879667976520576,0.6639605270333848,101.64076466117052,0.4541644648990577,0.4000403106392419,0.016195004897861208,-9.32415121263126,Angry / Intense
Country,0.6464786502613025,0.7255981559119363,101.68985173521591,0.6999731663933636,0.11916925147661012,0.10469296577483814,-7.322520860966967,Happy / Excited
Country,0.6432987194923026,0.35403563557686285,120.88155080355244,0.5851330395490011,0.384490821262091,0.0,-8.39312903705563,Content / Peaceful
Country,0.8008842591259697,0.6040049275497335,149.7335427773019,0.5020869409725586,0.321736955193001,0.052623769783846516,-9.745949924007128,Happy / Excited
Country,0.42584586237553235,0.7426730462759112,100.9051892739825,0.3599043883167198,0.7363348938531564,0.0,-6.131761203343661,Angry / Intense
Country,0.6310536308358834,0.23461831883964906,117.18829358297944,0.6093254574427021,0.4637756886733949,0.05614082735214007,-7.274982629810868,Content / Peaceful
Country,0.7340007107347457,0.5103872211495907,96.61158650457006,0.41724987867506447,0.13682011806482536,0.06038343871564775,-9.529147018117113,Happy / Excited
Country,0.6638462145038885,0.5654298547705837,120.15232567788863,0.7099968024719671,0.3210830739012508,0.044464062461987336,-6.4248732972377764,Happy / Excited
Country,0.5956769750987684,0.8989959861702416,96.05584857712334,0.7018045018981189,0.518153181788195,0.0008190002147286379,-3.241362965116776,Happy / Excited
Country,0.3243023820178341,0.5321703345511206,100.24732032315663,0.6053291811358607,0.19964846178630807,0.037322557869652766,-6.872872831643108,Angry / Intense
Country,0.5433033691750265,0.6505241419843304,117.16481076911485,0.4402501672635058,0.9042471381342961,0.0005133126788342164,-10.935218160304029,Happy / Excited
Country,0.48526420964457784,0.43525403051154504,136.87062108872928,0.5953817925550745,0.47176830432226197,0.005199101366510228,-7.058700494113843,Sad / Dark
Country,0.5606510234227731,0.5894448860623889,137.03600183656704,0.5969682953755882,0.490020309331756,0.03998235632996811,-4.731115125236524,Happy / Excited
Country,0.6661040066464408,0.6466502494482594,143.39851234147682,0.4868449490196577,0.24596633560872874,0.0,-6.134170872759488,Happy / Excited
Country,0.32340284140494024,0.660080032487758,120.03452429899005,0.6848103669803163,0.27905488411630175,0.01186726858329973,-4.2555933334132625,Angry / Intense
Country,0.8413017034845044,0.5115801924522634,125.27206218656889,0.5923860875452454,0.4672576130118067,0.009496973627375114,-3.9372332037527302,Happy / Excited
Country,0.3176474426205527,0.545253069475859,130.06275318991305,0.6102947293144279,0.6434966255106573,0.06792901572805148,-7.071083250614447,Angry / Intense
Country,0.8279793989648967,0.5071745733089308,138.75597289025308,0.7591574726263093,0.6186899392338945,0.02423081534096493,-7.163557543544244,Happy / Excited
Country,0.37542539259851415,0.6403701529288465,101.92608989652345,0.472755187002467,0.18566575586739914,0.0015843066937337932,-6.555938828973964,Angry / Intense
Country,0.6637783329865128,0.5219341373961848,141.2471067151133,0.5370974216211037,0.2582099620122066,0.029051690689737456,-2.572894332912368,Happy / Excited
Country,0.6736256906456188,0.552828768441431,94.50569558986334,0.5358646446930723,0.4422870625158608,0.004496764349777199,-9.830769276481998,Happy / Excited
Country,0.48390953767945055,0.7890899999154085,147.8120180671483,0.4624696913874943,0.521096221695896,0.0,-3.691367436010095,Angry / Intense
Country,0.6592377356630779,0.7234533948201494,91.1283197507143,0.6345400812117378,0.3986186685367894,0.054077162831633704,-4.670264403804301,Happy / Excited
Country,0.6305255503159599,0.521892146917531,136.0345312792309,0.553383005065436,0.24289870836502436,0.0,-9.454328832624764,Happy / Excited
Country,0.5383534144699099,0.7433499659896692,125.20093639469782,0.5017255523484656,0.5448740688724144,0.0,-6.309299451334443,Happy / Excited
Country,0.5912591403639176,0.7012869813264858,93.60988932344898,0.46647824796038795,0.105115781362984,0.009616131127629199,-4.077144992735139,Happy / Excited
Country,0.5391284464554357,0.5336110880345654,137.69103963531447,0.677540451430083,0.38405720789161785,0.04738859416199569,-8.653909081755893,Happy / Excited
Country,0.8404758934280662,0.8793318182118166,131.38188424139705,0.330723521652292,0.29951855276839884,0.04451301286677285,-7.342965994332726,Happy / Excited
Country,0.8235517686800156,0.6764604443766624,109.28344098621567,0.5635491291848379,0.2391100202849638,0.012696604863502329,-7.6091864808651035,Happy / Excited
Country,0.8079618880372861,0.8750815673880293,96.23861000175646,0.3484462085169273,0.3558689640667506,0.0,-6.4075767926581655,Happy / Excited
Country,0.7398297782089482,0.7942384466446872,125.62510205687506,0.5387529252665464,0.04389071501684488,0.02104740596743194,-6.357425478901076,Happy / Excited
Country,0.7222330902740393,0.5078965468012181,114.16905319575453,0.3974197519165398,0.0,0.0,-9.640651628506033,Happy / Excited
Country,0.6738739672672978,0.5326425726333085,112.3117316586538,0.4517145649207267,0.0,0.08033242994990202,-8.500541045553577,Happy / Excited
Country,0.5540127888240148,0.41086401851238963,139.49474618193142,0.5757771830741057,0.2512542486521437,0.004310815546239046,-3.14364015575026,Content / Peaceful
Country,0.6083248908989954,0.5763746401099322,105.05513324949322,0.3515960734480467,0.371193038755718,0.033019404492984704,-4.3008310713446605,Happy / Excited
Country,0.2602405544800551,0.4537374774870062,111.5466603699839,0.5596171066569479,0.373893935524884,0.015132452572509218,-5.683807882860111,Sad / Dark
Country,0.4754731022753425,0.7214383874903803,129.80214395059065,0.5248184509459113,0.6881634385400048,0.08225664142287067,-4.634209289612382,Angry / Intense
Country,0.13703091670915318,0.8052628620533367,136.30565340449482,0.7807049501484231,0.622743626512037,0.08313370709989143,-4.742690299639242,Angry / Intense
Country,0.8357909117832819,0.8592360862954771,125.89798529080771,0.3870546401514058,0.34465703799727443,0.03559782397533747,-6.3502248312568845,Happy / Excited
Country,0.4205500854144918,0.3879612087246527,108.65907196457307,0.6488513511582567,0.6844611587481345,0.056662704551108056,-4.385145425771728,Sad / Dark
Country,0.6070695082938308,0.37352928049822465,113.8060295441113,0.5315359146940384,0.3105305523695772,0.022187794614985046,-5.617160480214099,Content / Peaceful
Country,0.7564824301189597,0.5638444176323766,87.73233069839732,0.5068834508779753,0.40786787145855713,0.06891231688533633,-7.635615684368211,Happy / Excited
Country,0.7020069805439043,0.6377114269526062,122.79020959622099,0.6623586651257051,0.28104858458453547,0.0,-6.523801646188456,Happy / Excited
Country,0.517576559185008,0.6660415978370979,109.16253852140962,0.5848934628519649,0.3819689016183838,0.028597038591068227,-7.419482790126079,Happy / Excited
Country,0.5657458728757077,0.6124812048396164,125.63734111090363,0.5595377893069728,0.7069652241723552,0.0,-6.628407589905427,Happy / Excited
Country,0.36821935646128245,0.6483705922267602,101.92556234521734,0.5293858718535767,0.3330284214403614,0.03123564506404686,-7.60558183509036,Angry / Intense
Country,0.5247510883689628,0.7866613403311667,127.12220222854147,0.49828440627755055,0.3548499390739785,0.0858141980908298,-6.970329756502194,Happy / Excited
Country,0.509715740295618,0.5109505004835689,112.11572334218761,0.4946052505330606,0.1696633872971363,0.0,-8.158640748722739,Happy / Excited
Country,0.7146513629524957,0.5504391526545265,118.27108959630728,0.6997096827780387,0.6331012869889152,0.008715002274490602,-7.761727021366818,Happy / Excited
Country,0.48169114981223393,0.6900608500620709,118.31526979659883,0.5174855620644931,0.2535403764752405,0.0,-5.8598836170135105,Angry / Intense
Country,0.40952987745803804,0.729332930192432,112.39079641133146,0.5435400461323029,0.15934396753470026,0.019505362470305418,-7.15664188538112,Angry / Intense
Country,0.6119871041829653,0.7913221567870458,125.19856482422432,0.4725874897439616,0.27196241610161775,0.043805247436550745,-3.902613418013152,Happy / Excited
Country,0.665106883320168,0.6895326567921201,132.9752790200607,0.7160970854693274,0.04907376890931414,0.04668875757218113,-4.532527912192872,Happy / Excited
Country,0.4058042070183082,0.48486313607916587,106.68591052469324,0.4798330783984879,0.31329093083160536,0.029704112522197658,-4.768650697665261,Sad / Dark
Country,0.7930107132429658,0.49108300204818833,106.79534602334631,0.7047404024017846,0.5164139083753561,0.023314593674759847,-5.553326648890065,Content / Peaceful
Country,0.6152313949037695,0.6681960087961899,115.95079946289667,0.5895685427883155,0.1281017109334907,0.0,-7.854022353580687,Happy / Excited
Country,0.5600975946868938,0.4795532768786327,112.39621473518453,0.3934144531362068,0.49876608575108206,0.01669945924354422,-9.910415215552034,Content / Peaceful
Country,0.48642721431253233,0.6437581855830816,112.22560496505578,0.4833364393848094,0.3865733181385463,0.03374390140712865,-9.372704914078321,Angry / Intense
Country,0.7080205569948607,0.49596187339104103,121.67729657150362,0.556103784523934,0.30512809871684066,0.0,-7.071373096184527,Content / Peaceful
Country,0.8800528494520312,0.42298224603972795,152.46163434388777,0.5314306711815815,0.40636685507595505,0.0,-8.042538833354962,Content / Peaceful
Country,0.5395344559939169,0.4640596537858714,118.2394767673243,0.5152282519012552,0.733140605638432,0.0,-6.294618966502825,Content / Peaceful
Country,0.659655405104292,0.4608583286752611,134.36289491815108,0.5161840285830209,0.0,0.0463939844841826,-8.733881768204729,Content / Peaceful
Country,0.45235600861774417,0.6894272707760117,115.7510933164679,0.6609549365606651,0.6178298971657574,0.0,-4.9134750080899385,Angry / Intense
Country,0.49912627177713886,0.890305069227183,109.52677391843812,0.6728696185056005,0.5518822046586837,0.03264351288435735,-7.841086322833366,Angry / Intense
Country,0.5957764012893745,0.32003354531720823,126.0395606908805,0.5984576864131225,0.4240298954310469,0.0,-9.031272890179622,Content / Peaceful
Country,0.500305442744214,0.637915661314576,127.20810030157372,0.5412753828831703,0.5143441965887122,0.0,-5.2795299886120075,Happy / Excited
Country,0.6959587367743826,0.6490821152689283,118.7232722404582,0.7613818207314389,0.4887752239281782,0.0,-6.003389048528032,Happy / Excited
Country,0.740397340331875,0.5235458821398398,141.6069004447598,0.6020237076287612,0.0,0.03198687909351705,-7.3120583088254305,Happy / Excited
Country,0.7059487703266778,0.7227479292327359,125.51291684855272,0.7431777457339166,0.3678327607785708,0.04499271292215501,-4.890114852725305,Happy / Excited
Country,0.6044246449771628,0.7012406600371117,111.29588623108096,0.513517473907666,0.16375203573946379,0.029656364654801877,-5.8494966482913116,Happy / Excited
Country,0.8086821053726767,0.7028482005662648,116.8736799803462,0.4304002343932296,0.4779130724535953,0.06443012689658568,-4.989630052392114,Happy / Excited
Country,0.793516403977166,0.5724543609442284,113.60085857283838,0.47894085125450214,0.3899386360095528,0.016856368161247224,-6.086644742921767,Happy / Excited
Country,0.5993124068743187,0.5826283951355197,108.01950704650142,0.663578091490664,0.41377325120386804,0.013022242628588714,-7.994858506498409,Happy / Excited
Country,0.4068939023374262,0.7700353450314147,131.98349674637254,0.38136903731730365,0.5373656141277383,0.05689924680932437,-6.251247755398141,Angry / Intense
Country,0.8756977433202815,0.6281735534759748,96.49717649691459,0.6001685901153153,0.4440815143082913,0.0,-5.35288232624515,Happy / Excited
Country,0.35317355740946205,0.7287736875675626,106.19380933510186,0.45165592623712647,0.37951154098465417,0.03731891712174541,-6.17215187281314,Angry / Intense
Country,0.5011745334764195,0.5342083921450544,101.60523774720568,0.5352852108207143,0.5935038186119638,0.019829482494244953,-4.781171490481094,Happy / Excited
Country,0.8528642140361906,0.5235575925251943,118.64168144500344,0.7988312147168746,0.6599818141563901,0.0,-5.725703367878187,Happy / Excited
Country,0.6200895987743512,0.7074389044116391,108.59038218526901,0.4676430790755261,0.2783072712471503,0.0,-4.869351666381972,Happy / Excited
Country,0.4310078122961792,0.5190601930052885,89.79777697097406,0.6707829605753611,0.6287854178976053,0.006917062765448541,-7.095898729626446,Angry / Intense
Country,0.6925155043652635,0.7916826609591732,129.3549934561505,0.48327038632773744,0.10861193704244076,0.0,-6.35356109937507,Happy / Excited
Country,0.5151475962878729,0.6253458017787986,112.04736770774778,0.4436038925576148,0.18813430633844724,0.08249418037492919,-4.722024501632713,Happy / Excited
Country,0.8968828722924733,0.6701936170981634,114.2601546449329,0.7055675014738932,0.3940477597548818,0.028833670811614094,-6.585648758151038,Happy / Excited
Country,0.1484953249145577,0.8086155515983309,130.83807102723955,0.5962805366955362,0.3888803087912991,0.02653711281544524,-7.694557871692496,Angry / Intense
Country,0.7186526963691634,0.43007721522811276,125.34923178446985,0.6217730817628215,0.3642395559118775,0.03483471169884099,-8.482668784468501,Content / Peaceful
Country,0.46546771665664577,0.6307732257334311,134.21389378317892,0.35376477789481187,0.493963714319938,0.0,-6.885612174614825,Angry / Intense
Country,0.405677132229594,0.4892897587757279,139.39025585954562,0.5636149711378236,0.3310998876922795,0.01534046589475861,-5.521576350671397,Sad / Dark
Country,0.690479119386134,0.5902464899484159,141.67326399614004,0.6667508900597333,0.47440696524347126,0.022184471316402818,-5.185357809760922,Happy / Excited
Country,0.6702827874881894,0.7379040093347732,138.19210478128954,0.4479920708440499,0.2045266292664929,0.0,-4.547722619866158,Happy / Excited
Country,0.3677905605166007,0.6513184605840391,128.5257756396733,0.6878912864554813,0.43246096431949976,0.0,-8.418709921296246,Angry / Intense
Country,0.43088071649634807,0.5300672843766917,118.70777178636932,0.4318014321156838,0.6647191583174121,0.0,-3.807793152275039,Angry / Intense
Country,0.8096260850302944,0.7167793314595746,109.51220106505849,0.5976695967094592,0.1700731959608888,0.05643628140134997,-6.647969563072538,Happy / Excited
Country,0.5545087656661304,0.440913169934685,77.4048898646777,0.4457605057260669,0.6003036752103232,0.0038866628610078405,-6.838657714230095,Content / Peaceful
Country,0.7248886973261525,0.8347369541551144,145.85008378902148,0.45304314958021935,0.05033729714126689,0.11438457036400415,-1.962016776681093,Happy / Excited
Country,0.6501525754286852,0.4348365280743631,139.33807761009092,0.548121794538613,0.37966339784081016,0.05577835372420516,-5.831250506253403,Content / Peaceful
Country,0.4302696142376088,0.5577835484393434,133.90075271590425,0.6161277444645521,0.44716298338452565,0.057336918179034566,-7.22343397563453,Angry / Intense
Country,0.6485871640350516,0.16117471697691194,113.90629651082935,0.6440293199433209,0.32972899591891436,0.0013509043313155202,-8.582905903549637,Content / Peaceful
Country,0.7805385428366634,0.6713002255602741,136.85746276081554,0.3701164641846322,0.3711189922121859,0.008795559689999753,-7.061143413197105,Happy / Excited
Country,0.5214355930051271,0.555006444668598,137.29360608871974,0.34958635113173886,0.7199130582454817,0.03935364500105846,-6.584663791320425,Happy / Excited
Metal,0.44509346341966816,0.832889915289894,133.37658008667768,0.3654709481131335,0.10827801852160887,0.09302551283101632,-3.5998906576297074,Angry / Intense
Metal,0.20566736065021957,0.9492105241380495,184.89927104543804,0.4994632030008937,0.03592720061110603,0.20132362708982046,-3.3449660907855767,Angry / Intense
Metal,0.3810540274715641,0.9867172016516246,172.29850948442427,0.3647409683750139,0.07209395307388847,0.04253576182603094,-6.346144792631155,Angry / Intense
Metal,0.25688099908736217,0.9154233108956251,111.44521823808418,0.4832399071300064,0.0,0.5072225409229483,-1.4962417324073622,Angry / Intense
Metal,0.2582386041324298,0.9205655816338264,154.66538121892023,0.30930075344132696,0.04963095737934682,0.07840000334475083,-4.688545434461932,Angry / Intense
Metal,0.32903377015690216,0.8411883320987604,148.87053393094027,0.39961372959409724,0.046442481067795714,0.06762538668457684,-2.2242844480612565,Angry / Intense
Metal,0.2434155912189518,0.9336395544093915,176.540545746362,0.3704748631975625,0.05072316337337757,0.08554230455276544,-2.0252604128728016,Angry / Intense
Metal,0.25876407014619274,0.9970012746372924,145.72106631776458,0.276864833186238,0.07396865852870606,0.0542998249366516,-3.258998201801674,Angry / Intense
Metal,0.0,0.9203123157136969,137.88868342733542,0.2524089576162466,0.012337949908010029,0.01394452835610227,-4.595971589701162,Angry / Intense
Metal,0.08122776619440705,0.9389764268155829,178.05672527452734,0.41371141963373914,0.08044943046145045,0.26418436819206936,-2.0270209756316464,Angry / Intense
Metal,0.5992221908514088,0.8900478801034443,132.19335232645543,0.47401587779896814,0.07541331098286999,0.2163512949423534,-0.721435091499496,Happy / Excited
Metal,0.30181918540775904,0.9455693935787711,126.43145846736356,0.6362385348771149,0.02317275393954445,0.05376761077587552,-5.193499782016485,Angry / Intense
Metal,0.19681666261690595,0.8762337770691411,136.47850577643044,0.21610448863388665,0.0007341039868380833,0.39234446671714285,-3.028689712717263,Angry / Intense
Metal,0.44814466827643484,0.9906325272450149,188.3509604159726,0.16742929382673874,0.0,0.0,-5.439459592979196,Angry / Intense
Metal,0.25190889750636014,0.8931813468316376,152.8247960889052,0.3842354468894259,0.0038582602410875133,0.0,-6.485737410757396,Angry / Intense
Metal,0.21212181546998793,0.9051752337915369,123.14731589516819,0.32110322402042957,0.0,0.08112709726775005,-6.64618265672523,Angry / Intense
Metal,0.16417525498072566,0.8414789521406517,144.62298469746474,0.2760262676057122,0.08533921333377148,0.16087754000393484,-4.639703736367286,Angry / Intense
Metal,0.17240232042499382,0.9428312183189782,163.19541956567002,0.39712260946419564,0.12018509277334652,0.1689455977112224,-2.672785564863932,Angry / Intense
Metal,0.3213704664857565,0.9605398671954186,130.47081288127814,0.32499219641446475,0.05746817767411899,0.15131492223360726,-3.484776354113505,Angry / Intense
Metal,0.47606286276459664,0.8345017296910753,126.56204395257349,0.40754871692891037,0.0037818184098269633,0.6066652361934043,-3.4685607616597283,Angry / Intense
Metal,0.28746706417117485,0.8890718436149685,137.43642976975303,0.3836168793578213,0.04559909663106289,0.03149512829597306,-5.046304493039804,Angry / Intense
Metal,0.5150855320375354,1.0,153.54474755856728,0.21904883273159148,0.06692515783195217,0.3331423662416539,-1.7604377960752426,Happy / Excited
Metal,0.4175081364495467,1.0,149.17445399453848,0.4553723563800446,0.00596122168374099,0.14383981842335683,-1.8409315120589511,Angry / Intense
Metal,0.2056922541620974,0.8683133942321428,150.14475665852132,0.3528005355531201,0.07245738605352102,0.032011071107943656,-1.063120768794572,Angry / Intense
Metal,0.09365182432623106,0.9952240871731841,131.17331697722173,0.1644820718499172,0.05189375781744337,0.06180880209791747,-6.719218735806061,Angry / Intense
Metal,0.03097969732555772,0.9194983527637126,169.468411615724,0.4501944191703733,0.042835332441963275,0.17182713598266025,-4.554428264755714,Angry / Intense
Metal,0.07124412111514061,0.8347463608865935,143.53029236233706,0.3607216056360711,0.08254913392533826,0.21359563356621208,-3.289733968482101,Angry / Intense
Metal,0.25515476590765107,0.8371608697933917,157.06556501545253,0.4430203175914602,0.0,0.0,-5.882108754787792,Angry / Intense
Metal,0.3189360321797498,0.8717983740340585,147.1610394858579,0.35473580715764097,0.0320425264231136,0.0,-5.777970108133355,Angry / Intense
Metal,0.12715727043508915,0.9428040464344299,160.5642578290101,0.28752584598495934,0.11603200480085224,0.052809782883692674,-1.4396287524068785,Angry / Intense
Metal,0.19725965218694347,0.798405333404034,156.84835214807174,0.40982541261427846,0.04171968976537915,0.003665128233401607,-4.569144450971638,Angry / Intense
Metal,0.2181984867408756,0.901859026020095,166.51590962683164,0.4021060675436112,0.07049756936659887,0.06521972400613152,-5.1840346916095505,Angry / Intense
Metal,0.11544279505781702,0.8977978032459082,74.93547977703895,0.30917336404332385,0.03590629114045805,0.18455104814052342,-5.037355755049914,Angry / Intense
Metal,0.3556277667591999,0.7892126803165853,146.7495892514471,0.1784596648503916,0.0,0.07192516782042087,-1.9474720242528911,Angry / Intense
Metal,0.3593930821552094,0.9210938598282271,147.57033143172376,0.29436453281546393,0.012800829331365816,0.16410640682061958,-7.270721036888989,Angry / Intense
Metal,0.3948886480452834,0.8966895759728689,166.16225564713045,0.49533121486785,0.0,0.012762885515917297,-6.211055375881248,Angry / Intense
Metal,0.009963525588297106,0.8580480034274354,201.7076285958375,0.4531411875454928,0.13586439843028772,0.22436476600275035,-5.9836863220169505,Angry / Intense
Metal,0.2389166085321531,0.9553061708144185,157.6251364764068,0.31071895811499994,0.0,0.5931641781083108,-4.782299344685612,Angry / Intense
Metal,0.2478817770907808,0.9268000678343181,142.65997103515738,0.39472746892465804,0.10434736430582098,0.08131772804703644,-6.825420878655523,Angry / Intense
Metal,0.27413699288342225,0.8921358931154054,179.32577661943074,0.5205342877685085,0.04537625002153994,0.0,-6.951784526879892,Angry / Intense
Metal,0.30241972185352856,0.9401793781592769,139.7582979748268,0.3223796498951319,0.010360038341067655,0.09649090596340808,-9.26552470414613,Angry / Intense
Metal,0.1237877393968464,0.882376949273159,174.56507028894225,0.2823423629685285,0.04902340709156033,0.1339814126396494,-1.9041669886784756,Angry / Intense
Metal,0.502012385114264,0.916549821872305,137.53933569383224,0.30034002766091716,0.027946838876710955,0.03489499685146001,-3.3927451812835363,Happy / Excited
Metal,0.36724957079763265,0.955508071468701,175.7042416515957,0.6035442945680212,0.04623316967037784,0.264919565709348,-5.2033203676684305,Angry / Intense
Metal,0.4896011173732825,0.9836905494305507,170.1851513387458,0.39128838094298285,0.006582091800455561,0.0,-4.580074415042199,Angry / Intense
Metal,0.5452820067598693,0.9014093059181556,165.2727848801212,0.48127416806227175,0.025815688953641364,0.29745172562792793,-10.317321488961007,Happy / Excited
Metal,0.104359955401892,0.8650620622184925,129.96626949691742,0.42035155414230746,0.0545018901526951,0.1590985858262512,-3.307837011735026,Angry / Intense
Metal,0.14798326893669608,0.8469094359915609,156.71903300417299,0.30437215116242733,0.0,0.24570164268122222,-1.7097961869954048,Angry / Intense
Metal,0.5491457423517855,0.9312204632884833,161.77050611140385,0.5443841868034293,0.00792921049882829,0.2666016526081138,-3.949207531713583,Happy / Excited
Metal,0.44619386437481456,0.9311655812525561,176.51764761445605,0.40682285150498443,0.0,0.3177889948472083,-6.395061481944224,Angry / Intense
Metal,0.5004893136390263,0.9145854271135807,173.87224167434954,0.5161722337840118,0.06150714871576857,0.1762802976440696,-3.654742765614868,Happy / Excited
Metal,0.0,0.9270998131338922,123.4465881264183,0.40054245724947957,0.0,0.0,-1.2901309964921963,Angry / Intense
Metal,0.47111158209987036,0.9197514449033508,152.06491030547852,0.3502500769108389,0.06849381879897615,0.0,-2.512519474264085,Angry / Intense
Metal,0.2595061054377423,0.8948091802501263,148.47768640666655,0.30906238040892675,0.056434117474824144,0.01939561160299004,-3.562952794362328,Angry / Intense
Metal,0.49456104622583624,0.8768406987915096,145.12733993950624,0.4353596855642506,0.018207132250929656,0.1696480841239998,-3.38920227869652,Angry / Intense
Metal,0.47332188420708865,0.8836405972349053,127.25894471492956,0.34309071325235074,0.0,0.18467473060712458,-6.823502600352823,Angry / Intense
Metal,0.6732826269204302,0.997755671694425,148.2766669312069,0.4840873391597571,0.0,0.4785059997099337,-5.680429224400979,Happy / Excited
Metal,0.28072041377610246,0.8086440027686939,158.69832070429968,0.24723870115074695,0.04508278807830146,0.018358835061319287,-6.655487869860687,Angry / Intense
Metal,0.17130215971798124,0.9335472820451313,119.80719859688585,0.29014259947717075,0.0731636690632239,0.490371981231147,-3.54482236089399,Angry / Intense
Metal,0.153238137251634,0.8979731497956613,148.69495813535673,0.33806900592371514,0.08515290833684666,0.1326210224521337,-2.6842952301802594,Angry / Intense
Metal,0.24968899355237928,0.9995300131832754,144.337317145806,0.263457215703441,0.14886601905211108,0.0,-5.977477450609856,Angry / Intense
Metal,0.19967554370713686,1.0,187.75089545122324,0.5592713772370637,0.02346706688118341,0.4639267005762663,-3.7632959923180573,Angry / Intense
Metal,0.45636213924849955,0.9307817228663725,146.91173543088846,0.3497865591288345,0.029518000329041887,0.19127374730171182,-3.7656004024492242,Angry / Intense
Metal,0.29496458076741056,1.0,82.73143248770393,0.44118646975054343,0.07588693533294896,0.2720444302382754,-4.629742882106722,Angry / Intense
Metal,0.3332672107814332,0.9791569029988834,180.80566089416396,0.34393568177854783,0.053348789156378015,0.3517860946523136,-8.748054151757703,Angry / Intense
Metal,0.18959798402966638,1.0,172.03583233938267,0.4426934253112033,0.01757015634454399,0.0,-5.682431238484748,Angry / Intense
Metal,0.5476813153309907,0.8822934386506792,150.23130521327246,0.28955508261659046,0.08213870150495135,0.01919105794803383,-4.695187780308829,Happy / Excited
Metal,0.030658858713147885,0.8231979058277037,148.16881025307313,0.2209811413762686,0.14525433196672513,0.0,-6.100350597328208,Angry / Intense
Metal,0.3026721387628081,0.8980920237322529,123.70879995339378,0.26504865926056786,0.0,0.05699174577699057,-0.5961418209651526,Angry / Intense
Metal,0.31246996744931355,0.9909740293632515,159.15347960821913,0.5136634877578664,0.0,0.054331296827765586,-1.8857291536985725,Angry / Intense
Metal,0.20852226836010662,1.0,180.64558338289075,0.3237043140647045,0.014841824047682164,0.0,-5.759188463727595,Angry / Intense
Metal,0.10278574973297355,0.9457286708259803,115.96697714637847,0.4524479619428266,0.07140393484501244,0.0,-1.400362787343321,Angry / Intense
Metal,0.3821774871064355,0.9649818812866922,131.309365566059,0.45468549421677423,0.09631967248610329,0.08520874014929841,-0.4961550815032778,Angry / Intense
Metal,0.30705034158607003,0.9884471480271485,154.4461937596904,0.45026258394282415,0.0,0.15565806073230448,-5.969950202514532,Angry / Intense
Metal,0.16457627107556996,1.0,143.29705454262833,0.2596037802829404,0.022043418594556264,0.0,-1.6322310636074602,Angry / Intense
Metal,0.18869108093335757,0.9517579960366201,177.83434771262716,0.3199816782542325,0.0666011216136393,0.0,0.0,Angry / Intense
Metal,0.44982082153865954,0.9084436136743517,130.9976579204428,0.36632041365924484,0.023000813882424042,0.39294168309992605,-6.9510694444298045,Angry / Intense
Metal,0.32156822772643257,0.9188997160019774,145.41697339241287,0.36696600140739893,0.03419645949397583,0.23095990994981497,-3.28203110701513,Angry / Intense
Metal,0.3670258578196458,0.7379606382712839,154.5954872315896,0.18132327677959012,0.07231600815679128,0.32117460513557716,-6.3524782251771015,Angry / Intense
Metal,0.2581150844251669,0.8840386576968202,175.1794990666496,0.3914033462326488,0.12641646902831669,0.16206313044210813,-4.015099638728361,Angry / Intense
Metal,0.3109130852164538,0.9690795259554402,109.77090363860245,0.39024127466246117,0.03649767781360176,0.20881282407366492,-4.875403211748074,Angry / Intense
Metal,0.13380249053397278,0.9204410404951819,124.17750836489645,0.14896853448950176,0.07635612407427465,0.18685923590420062,-3.5658181120128507,Angry / Intense
Metal,0.5084685475113297,0.8800980865817646,116.51548885903239,0.3715964267830347,0.022624985014704477,0.0,-4.659698306975592,Happy / Excited
Metal,0.20214317660726644,0.8098396829985902,138.29411280253728,0.24363497999553713,0.05158240358054614,0.0015947862639017624,-2.276737051717897,Angry / Intense
Metal,0.5566185707628586,0.9607628823807144,113.87742399636696,0.5606235198654848,0.11878602251868825,0.10281857669619111,-1.854147679328936,Happy / Excited
Metal,0.21173197791253148,0.8080252439090246,131.27374235032494,0.5875161039253708,0.0,0.09992819228972419,-4.431712213319575,Angry / Intense
Metal,0.2179241209651501,0.8933887040097731,149.58948095319647,0.31254051896783275,0.0,0.13225479144151842,-2.3532668351100554,Angry / Intense
Metal,0.43913160298454734,0.8714158719566114,120.47298586169113,0.3458974541414266,0.11838957548978321,0.19683971184393184,-3.092070646411533,Angry / Intense
Metal,0.4423771122856791,0.9452459937511152,150.65338804749874,0.45947682759775615,0.012691694789099015,0.0,-3.0540061307513535,Angry / Intense
Metal,0.498038096919876,0.8529060836386382,166.0822726131498,0.5816918856065828,0.039887689912143955,0.0,-4.2539626529464885,Angry / Intense
Metal,0.21191456508788778,0.8829961934026159,157.53004947997394,0.18755246299641257,0.0,0.10289363205609142,-4.544617077824863,Angry / Intense
Metal,0.3549687323263897,1.0,150.29930879366808,0.45178065804017536,0.0,0.21519064952748057,-5.552781730221356,Angry / Intense
Metal,0.3114273332129749,0.9134690824958503,170.72543316810868,0.22280281347500008,0.0,0.06798509543681133,-3.562937486189752,Angry / Intense
Metal,0.3243631001292,0.9939322542448347,157.62219883195272,0.3123382001768168,0.0,0.06440316487071726,-2.444081995484404,Angry / Intense
Metal,0.23727235477326164,0.9216992158206659,157.26992559474758,0.2581649150900221,0.07116179483194088,0.34556826850025585,-4.845626703786813,Angry / Intense
Metal,0.1193496925068317,0.9160039383786817,99.0635496106049,0.4204283916771939,0.06261371888242895,0.3513454440768343,-4.88798958513325,Angry / Intense
Metal,0.36535765410343524,0.868322713856846,140.15860334844828,0.19697774760053627,0.03026051893583822,0.05420362697221528,-3.9016004678222083,Angry / Intense
Metal,0.2002244991467777,0.9250007210585055,140.66563877663137,0.3402200734040583,0.044018116298151506,0.1060784413475515,-2.9776519218967232,Angry / Intense
Metal,0.2806971145392264,0.8990068790526199,144.022236208081,0.2942403059790809,0.022004445321666424,0.40467380696098465,-6.325357521391734,Angry / Intense
Metal,0.2554149865793105,0.8967506802038187,142.5622245306232,0.3402512829345926,0.05396200506104999,0.0,-2.425657054935991,Angry / Intense
Metal,0.4012132479427516,0.845427704836212,98.08029999504717,0.2627513424630319,0.027866676928643874,0.4870437848036162,-3.4134860700514533,Angry / Intense
Metal,0.01078565613096677,0.8786206697059434,146.82932640199436,0.4104420265157716,0.0,0.0797514658034408,-5.935278275221082,Angry / Intense
Metal,0.12339862998362935,0.9355757388019372,165.02529781574208,0.4809249532353943,0.0687193175566938,0.02539457002896059,-3.070900477072988,Angry / Intense
Metal,0.34944871009668604,0.9280365129771209,134.54275132256043,0.3203748647190166,0.043694346806227705,0.46598117004782524,-3.8975150398172196,Angry / Intense
Metal,0.20220983963995423,0.8700566333018335,137.18113452156354,0.6412752137058879,0.020037167702701898,0.23603058019154274,-5.251856490942712,Angry / Intense
Metal,0.3417895266047406,0.9675047164405234,135.41813730418167,0.30306660150166764,0.1229434847227665,0.24768893423436955,-2.9186553626185434,Angry / Intense
Metal,0.42596420689966624,0.9475745292986639,192.39106788985143,0.38526899622525884,0.06886311836004597,0.0,-6.149921373182481,Angry / Intense
Metal,0.10786896002639351,0.996443815010969,91.8441166555435,0.3317227972696733,0.0,0.0,-5.481897899463733,Angry / Intense
Metal,0.521579375007047,0.9437976763532875,129.67088648676275,0.5079156463678192,0.04089161272648788,0.10563502880608786,-6.905343015543984,Happy / Excited
Metal,0.1415978057754977,0.8704941620032686,149.02214800939217,0.389346287237681,0.11720463317620225,0.15775827519067515,-9.915131387344216,Angry / Intense
Metal,0.3420227180594705,0.8329990186299481,126.7486396585462,0.2825396633928404,0.006833083824384911,0.0,-4.093035993095425,Angry / Intense
Metal,0.07427163438544651,0.9414000564349908,197.21336369535584,0.22047691292791236,0.02577448478303889,0.0,-5.101870585940266,Angry / Intense
Metal,0.4028347444210374,0.9632383538814361,149.70200206625012,0.48671161097107707,0.1673027267971396,0.3568457031156399,-5.545041858819274,Angry / Intense
Metal,0.06782336216532181,0.8956309150055718,127.16637915641834,0.4341617057437559,0.0,0.0890766351114487,-2.823971890927379,Angry / Intense
Metal,0.28388866034925164,0.8632211706351323,173.84590926688523,0.15452228662954073,0.023610247206126846,0.09375099649279979,-4.468182683200737,Angry / Intense
Metal,0.328879368972493,0.9566263891885696,147.22103634100228,0.33583300614275835,0.019620532767015218,0.008272629694246816,-2.9249133513462695,Angry / Intense
Metal,0.19655544328375765,0.9708062665404947,148.41797980971717,0.31744942317726443,0.07092036078720675,0.0,-3.2236319185435742,Angry / Intense
Metal,0.3340361793906856,0.8842205186544848,159.6299659373603,0.4455907670826367,0.09787598029049789,0.24492205186139437,-3.517451958547434,Angry / Intense
Metal,0.11958544780659788,1.0,117.12044335642017,0.4939115809138771,0.06156419084431493,0.0,-4.7486018777569985,Angry / Intense
Metal,0.2873995382008575,0.9983349629486314,132.30716019383536,0.3485665992290775,0.0,0.36021441896853656,-6.640936486040142,Angry / Intense
Metal,0.352305738278268,0.9139155302166883,145.8439787307665,0.47718343818450504,0.12356312301518174,0.13772405049129877,-3.189843964738948,Angry / Intense
Metal,0.3526226458763265,0.9810518854358377,137.8158396513008,0.5090468665299697,0.0955249932823692,0.2623805513024365,-5.820295734672952,Angry / Intense
Metal,0.27306597852204945,0.9343680193268261,117.84147501376188,0.5713904249703218,0.03938617332489121,0.14258918314070823,-5.6540088794544054,Angry / Intense
Metal,0.08769959050127635,0.8837582068715137,152.82249212793894,0.4608114575304432,0.04808957703013601,0.15200860243629255,-5.174052749362753,Angry / Intense
Metal,0.3793997705992685,1.0,163.50536773365772,0.47714502659035285,0.054700819965331555,0.0,-6.5893330612624865,Angry / Intense
Metal,0.3727801281062149,0.9193436568823949,157.6765435024022,0.5811708101412888,0.07630179996146669,0.28883293086142325,-4.31063722105854,Angry / Intense
Metal,0.17084549160248963,0.9165280304471396,130.29546009817898,0.5669953948126938,0.07951955382677348,0.17807687449424192,-2.0281135955437932,Angry / Intense
Metal,0.0,0.9552882770805596,119.1657927453038,0.37912931618412066,0.024414620376639277,0.1992604918145422,-4.043625422078089,Angry / Intense
Metal,0.5152187477778861,0.8838861703440433,163.60051657193225,0.39946678602785984,0.0,0.0,-4.799756067044337,Happy / Excited
Metal,0.47796679198267644,0.9478233834534269,122.3149818746243,0.3631620526343408,0.14089032243965152,0.11668350022612871,-5.154651150144791,Angry / Intense
Metal,0.3786783425209953,0.9658035847749182,137.9642963554387,0.44030897292457244,0.023555525166459538,0.20789914027441575,-4.160613684057433,Angry / Intense
Metal,0.37711485232846276,0.8744489872299498,129.9316995503971,0.49345967655912737,0.03603018093072531,0.14275521131490423,-5.112790854173039,Angry / Intense
Metal,0.44379628384218306,0.8835314011982206,145.01677272218058,0.4743191375243758,0.09864838495821329,0.021436106345997505,-0.5806320360882342,Angry / Intense
Metal,0.3501186709909786,0.8574243042914758,156.1191450689793,0.3340400942619851,0.06170342435915884,0.09357156285094931,-4.35145261961971,Angry / Intense
Metal,0.15414505974621664,0.9794036738429817,122.5651979226773,0.2469482125514006,0.058368017457374334,0.3404266370766954,-5.205186194128815,Angry / Intense
Metal,0.4121555716326345,0.9844004106118127,165.92305762046954,0.3426550052991582,0.0,0.0,-5.025680998924787,Angry / Intense
Metal,0.48849397896994795,0.852550040914284,163.40461664541283,0.26598169639377534,0.04530362881934191,0.20616874212325265,-5.818990873676856,Angry / Intense
Metal,0.32727754891150623,0.8950945197964804,163.51327049663988,0.40823806021815645,0.04282538372146337,0.33375249402129664,-3.175387715263396,Angry / Intense
Metal,0.18954370141979374,0.9148481659521344,146.33022672824745,0.38963834871502545,0.16622546383037476,0.15562778390664952,-8.571805140209552,Angry / Intense
Metal,0.21315216452528557,0.8040576747502515,140.74443834499152,0.1415227724328286,0.0,0.0,-3.731679644065045,Angry / Intense
Metal,0.3000862980206206,0.9381777384499239,145.69986945149242,0.21268426997546988,0.06567606846273677,0.3883336840404179,-3.6815748427869064,Angry / Intense
Metal,0.23185206410918943,0.8343159694336734,128.02252664328077,0.4343647587886471,0.09365590133996876,0.1391299262082964,-2.900225420588033,Angry / Intense
Metal,0.41322851904435887,0.9503920634831551,133.51358090425236,0.4008708214370183,0.0,0.10261434294371527,-3.838272937866176,Angry / Intense
Metal,0.5686054091818968,0.8414160815379421,158.5931678818087,0.5577483909948313,0.07794238829193983,0.2249418164237562,-3.3246101962643757,Happy / Excited
Metal,0.5077335183640667,0.854751309913258,117.50961334865457,0.3792399031441693,0.0,0.2845968706267017,-2.0585696090091172,Happy / Excited
Metal,0.23066391118647578,0.8977537642003695,146.40835554668524,0.38624247805275436,0.04635869595971427,0.18373481603174546,-4.845252706016956,Angry / Intense
Metal,0.450910928556447,0.9467568666275182,134.64680419080202,0.5402135201364917,0.0,0.08617512837677853,-2.566165197849064,Angry / Intense
Metal,0.18430830321405683,0.9385733388060291,159.95347113397906,0.27673713584225135,0.03637611402029825,0.07652442546861848,-5.603475703664586,Angry / Intense
Metal,0.668267976328124,0.8742136187932715,170.10846646949344,0.332863877974263,0.0,0.11542213647326034,-3.2018132312249987,Happy / Excited
Metal,0.4472815320105086,1.0,212.7954183785722,0.41006170445067164,0.006845391308730603,0.16793114901923367,-5.032425900812983,Angry / Intense
Metal,0.4481545807763567,0.8421701422180567,200.1033599328096,0.48272577137306155,0.0,0.0,-2.8678379117721224,Angry / Intense
Metal,0.48821504898743273,0.8436657423660823,163.68656870952486,0.1463192152805692,0.035533206726447705,0.2668070263154809,-5.603031460205961,Angry / Intense
Metal,0.05889243213791781,0.9287728877826535,134.69618493401947,0.45554700392790026,0.0,0.0,-8.542004641752488,Angry / Intense
Metal,0.32719115376823726,0.9103457037034041,121.85553724371844,0.403255845652051,0.09135351503220696,0.06766480848715753,-3.9636661003560523,Angry / Intense
Metal,0.34372979993362623,0.8477402103692624,193.24488805556712,0.32349802038532594,0.07280581009301354,0.21538229158435745,-4.779190254231503,Angry / Intense
Metal,0.39708720400954156,0.9347491533089833,116.81192534099706,0.3401272758499894,0.009372454882296908,0.030738243798080947,-7.108006355673275,Angry / Intense
Metal,0.4802293946793648,1.0,169.516065471965,0.5324635068976571,0.022768258149592192,0.004561474752094535,-6.0571740936234235,Angry / Intense
Metal,0.4030503876731556,0.933623783188649,146.30112234483462,0.5354178253034412,0.06024706769076715,0.0,-5.86181765827139,Angry / Intense
Metal,0.4091189278806633,0.9825039711592759,160.13696510963132,0.6076266497446497,0.12175035828657096,0.16615537522761442,-6.177161318963004,Angry / Intense
Metal,0.09040199812291716,0.8967570952991172,164.57069582115545,0.5991976495174325,0.060872351720539994,0.2753084191346855,-4.990614972375605,Angry / Intense
Metal,0.39964306003640804,0.9694014097686304,104.44892593124439,0.33038734371481876,0.08748501921389348,0.14117025034548475,-6.893030096301866,Angry / Intense
Metal,0.0,0.8980531552818797,146.42511475633466,0.27392924602059854,0.047154246851399725,0.17595801208493422,-3.1586256585475345,Angry / Intense
Metal,0.0,0.8411428941315129,141.2983017361958,0.4486607757244956,0.06446170067750179,0.17078049218150138,-5.266835883937864,Angry / Intense
Metal,0.24757865003040627,0.8763002438946956,164.90027081832866,0.26954134547125064,0.0825018197594785,0.13117798572064693,-4.590088956910307,Angry / Intense
Metal,0.1949263360357653,0.8386674883301525,133.751639359683,0.34039917576501366,0.0,0.07039672669980036,-2.651285263947989,Angry / Intense
Metal,0.39075486486941957,0.8902276474555096,149.032598565135,0.31326025166936006,0.04743803666678481,0.33101617356160473,-2.563002394750248,Angry / Intense
Metal,0.38332708891084044,0.890426905256977,164.49864464478645,0.17757476583523366,0.027382325900455473,0.1875567129735925,-3.019157571904497,Angry / Intense
Metal,0.40718151843451855,0.9376898413525817,143.69405046015459,0.44455711637917866,0.0,0.0,-4.376530647079407,Angry / Intense
Metal,0.32771162283339955,0.8104630892861213,158.0132203808894,0.4727274053503272,0.03613573812668523,0.4561699424925988,-5.865870212630372,Angry / Intense
Metal,0.24222605385810086,0.8962959856323675,146.32387255159762,0.34055302244404506,0.0,0.018017755564528698,-4.695241391548152,Angry / Intense
Metal,0.4965715331299196,1.0,177.38042575271442,0.28695451643928727,0.00520951946869172,0.07610071337359736,-0.9308822222928277,Angry / Intense
Metal,0.27353215165089706,0.8403495505677542,136.97410298703323,0.4708467202183301,0.07449701384480434,0.0699675000262516,-3.133170652879939,Angry / Intense
Metal,0.0,0.926229754101962,166.93507927010987,0.2800564069814558,0.0,0.0,-1.3202088103786118,Angry / Intense
Metal,0.18477536367654931,0.9344625966717267,161.28617491263424,0.5614481538969743,0.03230511130071824,0.019085530933237213,-4.153864702858893,Angry / Intense
Metal,0.5054528442467658,0.909789648115953,126.99288020515033,0.19510906300215652,0.0,0.22965872461099973,-5.141248952613623,Happy / Excited
Metal,0.20279665441268632,0.8770419666089635,149.871008924404,0.35126538874812996,0.026343392814037376,0.3023985891716109,-1.4239674362767332,Angry / Intense
Metal,0.04239653233456053,0.9396555638685775,130.90903383032938,0.3502098663366688,0.055463919256334725,0.0680920124603621,-4.0390802387447335,Angry / Intense
Metal,0.40767523296510677,0.9376746080324192,133.76960130831228,0.30449604716356116,0.0,0.0,-0.5758632762029436,Angry / Intense
Metal,0.17327942814476088,0.8483972712533708,155.03841296058502,0.36675622888497683,0.03022033815753873,0.3113568949618135,-3.40174664888327,Angry / Intense
Metal,0.21520113092744392,0.8945314449444932,136.94309669407494,0.48496875458963085,0.024592618527343128,0.0,-4.596639357468689,Angry / Intense
Metal,0.05407583981953132,1.0,126.75530589536092,0.36057622815707235,0.052910136735056845,0.05670127589811551,-5.080060802932385,Angry / Intense
Metal,0.36749236578574035,1.0,164.88519979998054,0.5574216654288251,0.0,0.14760439498830422,-4.189507895883441,Angry / Intense
Metal,0.35617460666827755,1.0,143.1426387045748,0.3313395960135095,0.0666990398709332,0.0,-4.973704098244356,Angry / Intense
Metal,0.2785283697143275,0.8647784830215846,171.2552982498447,0.25253116191880587,0.03320634758181019,0.14397358379844527,-1.793096877047763,Angry / Intense
Metal,0.29831097041906346,0.9761692156476927,163.4130987400968,0.3948149067402971,0.0,0.0,-4.286989197161627,Angry / Intense
Metal,0.2131685001755818,0.9751556655008775,164.4088433981687,0.35784668066755404,0.0,0.17661033244109103,-6.535898892270301,Angry / Intense
Metal,0.1786457723310616,0.8612350557070908,144.95297751732102,0.5204230800884674,0.039747956488823566,0.03351719613584565,-7.551229860090489,Angry / Intense
Metal,0.3883399335567749,0.8731757236442824,150.58538762147813,0.33749376609000314,0.08190886097997188,0.07641454119571718,-4.617852709046103,Angry / Intense
Metal,0.3777195435928735,1.0,167.5458324678882,0.3693672672381669,0.04015989953076442,0.021271080951334814,-6.399991407039391,Angry / Intense
Metal,0.21155987406938848,0.8736710621772835,162.37410444350948,0.25145661705572164,0.10666052806900223,0.21280695754282447,-4.458996541264663,Angry / Intense
Metal,0.3000509778344109,0.8865631214231269,153.94185704965082,0.5105710955850307,0.00484217688720931,0.0,-3.0935634902865123,Angry / Intense
Metal,0.3518985558790081,0.8527880719135292,131.86538983988942,0.2769074871139831,0.003773386548287551,0.051447586893821846,-5.033094608561495,Angry / Intense
Metal,0.19587301518904637,0.8745101708300044,142.9667444337736,0.40012298418314735,0.02418517318175777,0.27380005350119524,-3.483824571158427,Angry / Intense
Metal,0.045464662902608644,0.9514236659248313,161.32196761688283,0.327831803825097,0.0,0.10121001391167042,-4.515417302964488,Angry / Intense
Metal,0.12053660215468884,0.8329268470244039,146.07382197802434,0.35203073695390136,0.019136731733880318,0.0874883897880158,-6.705552747640638,Angry / Intense
Metal,0.23042870194142173,0.9519995018368609,140.30065823227164,0.17936330338489379,0.016365386113821417,0.0,-3.9657274070765385,Angry / Intense
Metal,0.351013984540868,0.8204735224948382,164.69828535280817,0.246537643846573,0.11795911452411759,0.09268356032490747,-6.9927869970783245,Angry / Intense
Metal,0.11728222868917096,0.9408857175072407,139.3914024222357,0.3684015308458231,0.12063901163485197,0.0,-4.380074284608587,Angry / Intense
Metal,0.5271751179796885,0.936230808527984,112.65473982212387,0.4406466814078564,0.0,0.31102112930994474,-6.145735209995956,Happy / Excited
Metal,0.7751215212393063,1.0,130.47452346818446,0.38240165660019326,0.07768221408167318,0.21754907113400615,-3.615327480047606,Happy / Excited
Indie,0.6753886266538998,0.5015546580048446,113.39908196563141,0.49837632144904676,0.5516746463944254,0.09651810403026462,-7.126149002929231,Happy / Excited
Indie,0.5931421648662928,0.21234213882192177,125.5812388297527,0.5662282666648459,0.713761616260141,0.0,-3.3284401028697257,Content / Peaceful
Indie,0.46357364320643984,0.5933484295990068,150.16653817696877,0.6072913521606688,0.4600736578925122,0.08422911858023184,-9.450434404983131,Angry / Intense
Indie,0.4448719575881293,0.41267308508158773,119.19779581034132,0.25968831635338846,0.46580791351350975,0.04782627462163745,-9.008611210000293,Sad / Dark
Indie,0.4895564551092258,0.3049654115551839,154.7268599391831,0.527667904621488,0.3508311134055621,0.0,-7.9281608526522165,Sad / Dark
Indie,0.6996527802491905,0.6753874314148052,135.37987952053,0.6055678742000726,0.30829149448747806,0.0,-8.603116315599905,Happy / Excited
Indie,0.40754313638393813,0.6773191659506862,125.56902796427677,0.7334773833484258,0.6194977080076349,0.014350439049590429,-13.385387589859604,Angry / Intense
Indie,0.6994035421094666,0.7239077834846116,95.40819136375993,0.7211088023793001,0.4564234341185036,0.0760685498125653,-3.155650237258018,Happy / Excited
Indie,0.6920433311815106,0.6176996427992806,128.5179071846157,0.6139673148636431,0.29998851322349485,0.054489855026767904,-10.706951463783628,Happy / Excited
Indie,0.3900528403669946,0.46500491819966006,108.56450334681004,0.5564095803178156,0.31520382985988454,0.11022347203519739,-12.866961839881295,Sad / Dark
Indie,0.42959613706068606,0.5397327460266244,114.40867368293615,0.5193128760228923,0.06295079785402852,0.0956477104669492,-6.0571820522987885,Angry / Intense
Indie,0.538836712956678,0.6758090589163275,123.62753290408503,0.5974417416781125,0.4112181476913705,0.1287550719592494,-12.731688908396366,Happy / Excited
Indie,0.28915542576395803,0.7580349485549637,75.7121552022683,0.5231786484209587,0.6144549919216137,0.050673933445823535,-9.215033214352093,Angry / Intense
Indie,0.4732959018267541,0.46703197299963306,120.55529086962491,0.4579942756175845,0.6017348839911448,0.20232649210656609,-8.400170966334867,Sad / Dark
Indie,0.20043190427557622,0.4414235244529907,116.68820411814664,0.600664665228385,0.1783973553658644,0.0,-6.467971586423578,Sad / Dark
Indie,0.6190035897671204,0.42676089322439736,96.00209302888207,0.934094184154546,0.5366608474177428,0.033299623823296834,-5.39290617340748,Content / Peaceful
Indie,0.427597806651404,0.6500735333650279,122.869077559972,0.5509526277801088,0.35728362635384225,0.0,-2.185715301820581,Angry / Intense
Indie,0.2805238943518062,0.3159964635534108,116.16852211038538,0.42462338237873926,0.3696574418879458,0.12877638485617687,-5.014091298412331,Sad / Dark
Indie,0.5966515298919027,0.474155191782148,120.89265289790855,0.5889454861076989,0.028442515211585473,0.11705847001198597,-12.371897862751496,Content / Peaceful
Indie,0.8172623878031681,0.45932273730374573,116.67224681049736,0.4476351480914574,0.25400599362886206,0.287409356914324,-5.1788909341301075,Content / Peaceful
Indie,0.17114355987338914,0.7456319351027845,141.47836095254576,0.5062545045254054,0.44133938840596754,0.058505592057892575,-2.082260286659203,Angry / Intense
Indie,0.30666776598142376,0.5419015914663591,112.29338404212952,0.3680351514458575,0.8183276510109975,0.0,-7.3396124375366725,Angry / Intense
Indie,0.13667389085153964,0.460139419113536,127.59543878580223,0.4410319224597165,0.497360370147131,0.033095890811191755,-4.519752462804161,Sad / Dark
Indie,0.6951169644012403,0.43198828589049826,121.38119146907323,0.562014507176668,0.5038698590869397,0.06143819962442657,-7.429367121971474,Content / Peaceful
Indie,0.4061868345368785,0.5372859800458027,143.3629234836324,0.6175299889454225,0.5202511278886738,0.13230703241355785,-8.461426333643107,Angry / Intense
Indie,0.5073888678443155,0.3572239482496383,142.83853781370522,0.20604474811881357,0.36257032153291496,0.1740895977150274,-12.091603800888024,Content / Peaceful
Indie,0.5219603851710333,0.417885033013146,113.36154122660037,0.6535129152767326,0.41961138517703006,0.0,-10.929276619194795,Content / Peaceful
Indie,0.6255604322799767,0.5873414077289496,151.46644030543712,0.7419177112815957,0.31155097397064163,0.31032378050694887,-7.926560990444267,Happy / Excited
Indie,0.27671966380637547,0.42495402011341343,79.37894810479045,0.7328422809899138,0.6989523978087727,0.0,-8.683652865145717,Sad / Dark
Indie,0.46720935794026397,0.37594704217868297,88.4081634371191,0.5147570875467706,0.31578411410815066,0.021158875901122476,-7.331851812197106,Sad / Dark
Indie,0.7073135385346786,0.4745360920462411,123.06797397698453,0.6272244628493924,0.49082858530254975,0.0,-7.710868630657893,Content / Peaceful
Indie,0.5485571676304296,0.35074729937338334,142.74370219433715,0.7117906686256934,0.23544394891110124,0.07936700183481687,-6.0731652299869054,Content / Peaceful
Indie,0.35178945186082455,0.5922420768532142,122.93860127325898,0.36384981868334393,0.47183226319571164,0.0,-5.182391445013859,Angry / Intense
Indie,0.3291820064759,0.49580718495082826,144.70102044203836,0.5995657975834614,0.16410521608509093,0.0,-9.797908365871177,Sad / Dark
Indie,0.5210359350041999,0.5737449722399153,104.82415851606835,0.39993486172627696,0.43631668101716686,0.041813993420983804,-1.5283523376567878,Happy / Excited
Indie,0.45658865818135425,0.7921379241550413,98.93309523412188,0.3512144472525952,0.1559829734948931,0.17891297814534662,-2.7316952309193985,Angry / Intense
Indie,0.3092076982885259,0.4509150955360664,98.958343616175,0.3226032183457936,0.523682339555326,0.08230203029621631,-7.968536051978374,Sad / Dark
Indie,0.19798982331059162,0.7659935022742991,110.93957871510949,0.6040351709779771,0.0890877189510551,0.04094748103799626,-7.125876631284248,Angry / Intense
Indie,0.5088735392495953,0.5431972814854937,128.90140485687792,0.4043375452760447,0.41947452108793204,0.07137576834802774,-7.304981947414817,Happy / Excited
Indie,0.4630221391174527,0.32901808391299037,96.27960446203848,0.27428781769385385,0.5435069019690595,0.14276575097351987,-5.469349126333639,Sad / Dark
Indie,0.5052221932430614,0.20003211734228338,101.5192111478652,0.5604498501111734,0.4071036005583591,0.037725178684797876,-6.89324839127526,Content / Peaceful
Indie,0.4520973073833442,0.5381155698327043,108.49682400902371,0.6578413183345908,0.29384567826392316,0.0,-10.312997038456185,Angry / Intense
Indie,0.38727608555484355,0.6691004182553271,119.23917602817373,0.5176622137241221,0.13026731504747452,0.13854825898295764,-9.955856462070157,Angry / Intense
Indie,0.4319949853905595,0.7420274615322797,129.15773995888748,0.34460951427417913,0.026097952729505547,0.053568954988075394,-11.638221844624415,Angry / Intense
Indie,0.5667384145739396,0.5263394597447469,122.97692584242954,0.4551908182029177,0.7282767310573411,0.34425937280104596,-8.835754171270144,Happy / Excited
Indie,0.5135470647147002,0.534612601459647,115.32563645806076,0.44015154387206445,0.16300640250390455,0.0,-6.784279923352564,Happy / Excited
Indie,0.35645859392334567,0.13325607247892052,128.00744797076982,0.5354086461043013,0.6493346002802292,0.09731223970910094,-12.436020788930891,Sad / Dark
Indie,0.04865820466860343,0.4120791423493094,108.74806642751426,0.65317910412002,0.37822581354208534,0.1733688498098509,-11.974499167107904,Sad / Dark
Indie,0.6237475891884806,0.628148373014638,83.67178599423846,0.6987141409512927,0.39869169835327056,0.09920445038685058,-10.594688337285268,Happy / Excited
Indie,0.679544462325955,0.3421221506141695,134.97765633073104,0.6384728971090405,0.18516651436555556,0.2583373599422574,-7.305414559347442,Content / Peaceful
Indie,0.5677006698487843,0.29093188069963666,158.11914005415417,0.39305316717298927,0.5849772865531861,0.0,-9.856966408543048,Content / Peaceful
Indie,0.5919757278993805,0.6741329070512736,97.11688351594617,0.6708566602868393,0.5889960990266389,0.0,-3.2040572192266694,Happy / Excited
Indie,0.18776562691535315,0.42628411258335774,128.6220472336558,0.43757204583568726,0.4327638171358682,0.08410760788032952,-8.56122280976816,Sad / Dark
Indie,0.5998320969463007,0.48574588110135414,124.16773923864851,0.6775766252985483,0.5381372420051681,0.13860172908142088,-11.447538806650341,Content / Peaceful
Indie,0.5444626635902379,0.3882251813545743,96.93453036399552,0.5313952384458038,0.19914096266968204,0.1390617718839977,-5.556393620914028,Content / Peaceful
Indie,0.10752727744234047,0.39575461906346654,93.72383990547601,0.48448448680885314,0.4710351339737649,0.03577119018216117,-9.769277722001405,Sad / Dark
Indie,0.6840317748263651,0.17427142411055674,142.26369408332806,0.47468540482134175,0.3643781979774421,0.0072636662279891365,-3.371335683382645,Content / Peaceful
Indie,0.2284238705750533,0.5217604554582904,129.49389573347995,0.3466796678537799,0.19602036591076927,0.045182146650177085,-10.659995104053124,Angry / Intense
Indie,0.303193481180553,0.4675206005385344,131.69246396963112,0.4988738667746227,0.5956852388945894,0.0,-11.755766781420357,Sad / Dark
Indie,0.7967421730298041,0.4213062808501733,96.40358387270112,0.3309535269873804,0.5950206907617879,0.02586954853399407,-8.761129205199195,Content / Peaceful
Indie,0.4213436919144049,0.6719414327004671,116.76846298843343,0.8212864534599151,0.40675211481084583,0.16617847669583213,-5.58428042628678,Angry / Intense
Indie,0.44343948235355324,0.43195435209693056,125.97535071419796,0.6012118477448728,0.2654827903746946,0.07663388659506558,-4.2913850652212115,Sad / Dark
Indie,0.8225905930325421,0.6481553980524132,153.52967435484507,0.46447509465522535,0.5203764504118588,0.19385195085812723,-10.688999998915987,Happy / Excited
Indie,0.36259377983189833,0.7806857142752875,102.44822059583508,0.37906439608131476,0.6855963147279023,0.17967632249804386,-6.703639268048692,Angry / Intense
Indie,0.4417720641637511,0.45422132415925276,125.07507972856293,0.729576834888186,0.4277132252284152,0.27669592672469656,-10.69382595692069,Sad / Dark
Indie,0.44645746422091154,0.4640411998504127,100.46745222307801,0.5216299520388414,0.4634658603320879,0.112423017995203,-1.4886434631663317,Sad / Dark
Indie,0.5336041445502407,0.6925205205519425,121.18969643338157,0.7413666720543115,0.8596898571176139,0.11310851309759498,-10.977977046354745,Happy / Excited
Indie,0.3512150959001097,0.5622901454807744,128.2169646345116,0.6238110161261247,0.4720395362460082,0.06069849162559387,-9.908595323606386,Angry / Intense
Indie,0.5222048870275613,0.7982481036220985,138.3587148976996,0.6041644739563438,0.5859133847645502,0.022893597109914746,-9.524795438249962,Happy / Excited
Indie,0.3153986812141233,0.5012070065845843,112.40389385923656,0.6849929688782568,0.28493531646356224,0.0,-2.1722684635081055,Angry / Intense
Indie,0.3687524584053582,0.5430292685875526,128.1238108453814,0.40359682572950223,0.6270967539006138,0.12371190404112276,-3.324847964357655,Angry / Intense
Indie,0.32774005130074196,0.534868868871424,120.70840358989551,0.5716666193220027,0.0890770502845678,0.07108363786922224,-12.279391734271236,Angry / Intense
Indie,0.5145001328154458,0.20070263132222205,86.67143698276945,0.6382258459727999,0.27063230896104346,0.0,-4.1874631367733555,Content / Peaceful
Indie,0.5089727191191147,0.6508135293300676,117.00764269822506,0.8615554432680004,0.259097227888041,0.23444955493598882,-8.184098120299739,Happy / Excited
Indie,0.15218812891570577,0.5924273118622163,125.66572610619295,0.41384138229129247,0.19555614457305703,0.05753023569150077,-6.950756554256055,Angry / Intense
Indie,0.005280609081707854,0.6779682178785704,111.09903647133041,0.3801903018722189,0.5682133102903861,0.05763820205815436,-4.351502669653238,Angry / Intense
Indie,0.528831407336356,0.5197728245577931,117.25086099035718,0.5979255312667365,0.2972937482381339,0.0,-6.170272632036069,Happy / Excited
Indie,0.4239921885400027,0.5250351472103509,139.60883705078294,0.5263348070717111,0.3830067851083581,3.504885490680093e-05,-6.707780198054447,Angry / Intense
Indie,0.5129690242824159,0.6551162697685837,109.57568093387623,0.48506196364917775,0.5384274798290939,0.08522130033628633,-10.718654378578083,Happy / Excited
Indie,0.6851797321922102,0.2652324147399624,134.11712555874755,0.3881745556802164,0.7571577032971054,0.0,-4.5432480443817544,Content / Peaceful
Indie,0.4353058151979761,0.46500961452418843,123.33713981641971,0.6158280406989376,0.19911989953382608,0.0,-6.051185404661343,Sad / Dark
Indie,0.14267826834307207,0.4323656360211872,174.73236517486993,0.42383844424928635,0.6095605583519506,0.0014049231286187847,-6.472864565608568,Sad / Dark
Indie,0.5677840243073191,0.6893435102774421,116.39543111737004,0.7786661566505824,0.26213268708296394,0.083422041359956,-7.264169203347177,Happy / Excited
Indie,0.24804573840910527,0.4771191617531319,122.90724298629134,0.4881454748244697,0.868184793091307,0.0,-4.461726595578717,Sad / Dark
Indie,0.6041627663667816,0.5179206798243593,104.42623703065955,0.4478093615529876,0.2764065401566981,0.0,-11.010396277397872,Happy / Excited
Indie,0.1831542272345444,0.7218812504766575,131.13232306298792,0.6343168918638553,0.49776639030838954,0.07669676233341632,-3.6179590036125884,Angry / Intense
Indie,0.3400627219682873,0.5360004483050568,133.4470589008342,0.3814548921772646,0.9993177792285098,0.0628565762777586,-7.5740316482732215,Angry / Intense
Indie,0.6762380457014859,0.6572432999515336,120.68540434913626,0.5556155325717651,0.07917029381040419,0.004353422215002373,-6.4483693515231195,Happy / Excited
Indie,0.5299007110277196,0.703174862500613,117.83098095198015,0.3735256183882961,0.5913460861551356,0.2036089346182016,-5.305266281431312,Happy / Excited
Indie,0.42054593924565153,0.6766579077814869,181.72038860414784,0.5538182777328571,0.11765266155097509,0.0013714950447847943,-6.123571999087847,Angry / Intense
Indie,0.16113522403834873,0.5454104612368105,126.84605970568589,0.7242146087775183,0.6420389712108601,0.14645847917517713,-14.488037031543588,Angry / Intense
Indie,0.6157895630486265,0.625827007909037,124.60699878741023,0.3323733448625418,0.22464521816258792,0.0,-14.045025318521272,Happy / Excited
Indie,0.449475272745337,0.4003266817835831,167.2555004448404,0.5197473672674509,0.6387506311731921,0.0,-9.59026875801461,Sad / Dark
Indie,0.46744161768617665,0.3837769077088494,112.4003876735146,0.5138458912507754,0.3332184029110211,0.24551185730353464,-6.8653211437054695,Sad / Dark
Indie,0.5363119013294346,0.6009482161517605,131.02727479206803,0.5300535619350162,0.3158507257042308,0.07668160595182774,-4.529588153259581,Happy / Excited
Indie,0.6527228739185491,0.48394022864673836,133.821186504026,0.5166498404352399,0.38677410988704886,0.012647661844580257,-8.544935416718701,Content / Peaceful
Indie,0.6914394125189425,0.5338631721008854,122.43508515394173,0.36633386648904503,0.31815121847345407,0.03586850962552712,-10.487430456330216,Happy / Excited
Indie,0.45389977410664145,0.45562265646585187,121.43992539438447,0.5545803611782721,0.1888491284354711,0.020129821751681057,-7.767877151717499,Sad / Dark
Indie,0.6631738976082105,0.5585078759193611,108.0851667614863,0.5878805711092623,0.7215097778643521,0.15167064725890186,-6.357420408693139,Happy / Excited
Indie,0.5806062315868179,0.7359931062142946,139.36128229231787,0.6080112457341189,0.593728443918017,0.0,-12.506795757020843,Happy / Excited
Indie,0.47827775711588943,0.5303021064475808,110.20961903676137,0.6391023203793251,0.007427282709752792,0.006522774394219617,-9.454866634632845,Angry / Intense
Indie,0.15546567868209732,0.7442096510903956,95.53437716406019,0.46939919312307776,0.5615959515610268,0.12460453434287315,-11.32452408945424,Angry / Intense
Indie,0.5728480576669146,0.5634676717987332,161.99464011800643,0.5884728499281966,0.35175163578629365,0.0,-10.232730100866714,Happy / Excited
Indie,0.30136156281573157,0.7256648220867883,120.32345847029647,0.6078296548769676,0.6828495199961775,0.0,-4.163378705898875,Angry / Intense
Indie,0.45997144412100016,0.5852572557460667,105.08874200853148,0.44938507218617785,0.4777691779625976,0.29845978003314694,-4.990060061555296,Angry / Intense
Indie,0.6777941258553373,0.49119980946078706,109.19632395745869,0.44630340581052086,0.2823452550606624,0.0,-10.174758028674805,Content / Peaceful
Indie,0.3491364319092283,0.49369627384077386,122.37150197545125,0.5834941042350733,0.377014925511408,0.0018556913657242977,-13.890075929796563,Sad / Dark
Indie,0.34644445048767725,0.3741324043469493,128.38920146901486,0.6491144876032433,0.5677142134119879,0.135695273612782,-8.400577206357465,Sad / Dark
Indie,0.35604799821433863,0.4079345869499401,92.86501950116849,0.6590224440609429,0.34505779241400514,0.0,-10.479474127130704,Sad / Dark
Indie,0.2939447778421406,0.5264536727522691,139.21442131927233,0.49824125404853004,0.0,0.04108196648410799,-8.468581700291587,Angry / Intense
Indie,0.4095143584316061,0.42588082502864477,123.91390345306516,0.5479369338178802,0.3750339371746706,0.10126413614429658,-9.289498469443561,Sad / Dark
Indie,0.36241457945388245,0.72701849343781,130.06839737487786,0.639233527313136,0.6252209170668137,0.11259441806248001,-5.214833962591487,Angry / Intense
Indie,0.16571787082735318,0.5506230807994041,116.71106768734211,0.7413220909079772,0.56552910636066,0.0,-6.881617524412382,Angry / Intense
Indie,0.4801826400208632,0.5881497149728343,101.66083555125627,0.583201975828587,0.33436973014235316,0.08824497640556005,-10.173155495366508,Angry / Intense
Indie,0.3446886291486121,0.6960763030550055,101.0721439498771,0.42266947187495424,0.3696837485568844,0.0,-10.655085896788396,Angry / Intense
Indie,0.46891367481749313,0.29424012146444434,101.85667977155452,0.7864914699508372,0.47189501179380183,0.0,-6.745354765201409,Sad / Dark
Indie,0.5521194858575933,0.6691621630135358,117.71119146977885,0.6571797243327467,0.0,0.0,-7.508385794790633,Happy / Excited
Indie,0.5093340359054025,0.38323265684970376,124.66955984273686,0.4651391701575288,0.32460818115456685,0.1624773800665011,-5.273187509334201,Content / Peaceful
Indie,0.2705291410746128,0.3614122806969845,112.5988788800403,0.536790443859249,0.24842030228505182,0.1640642442799668,-6.957830474874334,Sad / Dark
Indie,0.5230953197773972,0.3300191756582542,141.01123291290804,0.20157974133111717,0.5468110903698737,0.1534311737670771,-9.297203561833884,Content / Peaceful
Indie,0.6791238391045362,0.5105353670568481,121.12377065989398,0.580743454488506,1.0,0.19444339080830045,-5.896606397861246,Happy / Excited
Indie,0.2856951924117849,0.5415384738219239,105.36376631076504,0.6386533016739375,0.40809339514697135,0.0,-7.7566262497444916,Angry / Intense
Indie,0.297104855451065,0.542682433200632,104.53660830542537,0.5432985160032976,0.5300939723870189,0.05469480080748938,-9.172664801517167,Angry / Intense
Indie,0.48658971979034327,0.624577393118928,100.07070114212831,0.5712787385646243,0.64350816380348,0.11736569632767152,-7.826737559998317,Angry / Intense
Indie,0.565152751205801,0.5878744684154024,133.56481996487665,0.29712820668204676,0.06930877326734691,0.16048291494832373,-12.515837528484322,Happy / Excited
Indie,0.5222769544294569,0.46719255159515627,102.06859357927206,0.5819579708576968,0.4202067007433141,0.27103426520963775,-9.874433613607668,Content / Peaceful
Indie,0.7092198216124512,0.5728634371576472,108.10160613223118,0.6359095749020695,0.49314770089079024,0.06358432948580492,-7.2011139306781295,Happy / Excited
Indie,0.3425423344118043,0.396131931211824,133.66995912880648,0.5131272690824071,0.3639834003501815,0.0879821595944277,-7.204134965648576,Sad / Dark
Indie,0.19272123522466839,0.7129378129682289,122.18127873421221,0.5156816084613421,0.4661692010339493,0.0836542193614863,-5.698811931530893,Angry / Intense
Indie,0.5468370609871694,0.62767693434944,144.31789030309528,0.6460349458765167,0.3479027559342875,0.0,-2.996606200986455,Happy / Excited
Indie,0.40720979279751973,0.4490338879959217,88.73891728024009,0.5806167726374534,0.409777320790754,0.0,-6.640177873600472,Sad / Dark
Indie,0.36032545427374096,0.923547251093304,109.75149854236437,0.48777680013626484,0.20504475514912646,0.1877876521041972,-9.11832738339426,Angry / Intense
Indie,0.31951545232221057,0.6260432514880814,95.15364716256266,0.6150132655498737,0.7362799433201715,0.1166607832835089,-6.086305051220226,Angry / Intense
Indie,0.6066108390433471,0.7764562043013278,141.7780912803439,0.5927603666727629,0.5607782801272003,0.0,-5.671119227758034,Happy / Excited
Indie,0.26899992518692545,0.46494663720525603,64.51388084742172,0.5881715591240955,0.2512255977783294,0.17111452152044626,-6.829422168183791,Sad / Dark
Indie,0.6523372610462925,0.3574605182991194,138.69094866887338,0.7927027613235993,0.5328316599863789,0.13903490086922887,-7.491206970815195,Content / Peaceful
Indie,0.35555961949823445,0.6341788559052263,92.89050761276278,0.48986938500950206,0.02578863953256355,0.0,-6.073864724319316,Angry / Intense
Indie,0.5409708077196834,0.5276370543303209,123.0672178931162,0.31369624585629496,0.305487543885817,0.0,-9.977179071543622,Happy / Excited
Indie,0.5579241530064756,0.3909239010242035,109.1157446977066,0.2895516905148581,0.3211753639247661,0.0,-7.762391213931069,Content / Peaceful
Indie,0.2788005515863564,0.5356813368323825,117.39565630663782,0.7406450127650785,0.47944359609063875,0.0,-11.794666532308124,Angry / Intense
Indie,0.45993744161862,0.3805228077411024,66.56936825575465,0.7019455576600493,0.5240448033810816,0.11209768734917716,-9.821969136412745,Sad / Dark
Indie,0.5269818187817873,0.4143459513668678,123.68743140391844,0.4295300128996227,0.6832576901112029,0.0,-4.303148511467507,Content / Peaceful
Indie,0.45700484904311944,0.4465799506987014,123.0060525905233,0.6280017608613817,0.6533493473388794,0.09131430231335322,-10.672088255786832,Sad / Dark
Indie,0.4600134222778419,0.792518985499356,144.25820553922722,0.6490516173749231,0.5391374040244774,0.1299450090606542,-4.52373549647039,Angry / Intense
Indie,0.36780681857005704,0.31673709013374907,121.2420630132671,0.44189020958667713,0.1689958489245631,0.0,-0.544058226398942,Sad / Dark
Indie,0.47450243413365195,0.5742861754541483,97.99746947392343,0.31874964494488445,0.2161894713762388,0.20381955852087483,-6.997173601770436,Angry / Intense
Indie,0.5577471164599906,0.6307849058803092,109.355711163631,0.7065558700768042,0.2534384801555636,0.2006232359262553,-6.673093531593978,Happy / Excited
Indie,0.12797187223566203,0.4077985770099198,87.87110640830213,0.6795938559353051,0.3750529158395198,0.0,-6.872759354841024,Sad / Dark
Indie,0.35331043277010243,0.2974291217450015,150.20338506543655,0.5528743039315894,0.3213137195373375,0.02005752190139829,-12.539838407473317,Sad / Dark
Indie,0.2151811980748603,0.7127375177312625,111.47010834385705,0.5426481241124237,0.0,0.0,-6.1705624403757415,Angry / Intense
Indie,0.5179881168204901,0.7830062798086473,144.17321396936208,0.5123146833018213,0.4745907129426542,0.0283396557096926,-1.8355705440840548,Happy / Excited
Indie,0.6568226452894319,0.5454527636286627,123.60710612777433,0.713382034471177,0.49591556942276943,0.2158628017070086,-14.580943778776621,Happy / Excited
Indie,0.5330210870697837,0.4426847702977923,151.61480377730385,0.7255678424627795,0.38656716182026135,0.21356309788110317,-2.650656440022482,Content / Peaceful
Indie,0.46339320094670655,0.8907900658647787,119.43585925194499,0.514257485959691,0.5531745177168687,0.024620926885768613,-7.743980672615319,Angry / Intense
Indie,0.7036981963291637,0.5228828278325905,89.48967972644446,0.5840783265419036,0.24074128418952104,0.1465271157294546,-5.9114308525212635,Happy / Excited
Indie,0.7148520626699739,0.6561298451189046,139.62439710584516,0.4597083887834744,0.5407972991781005,0.25684512893602907,-10.0659497259103,Happy / Excited
Indie,0.7739528925108776,0.43759748631980044,104.66451758910047,0.5755440532025806,0.5231820832257619,0.1511750123972265,-10.885287262319606,Content / Peaceful
Indie,0.5282172175057722,0.41716681427747426,93.19939939072962,0.4285516421360659,0.22981992680883634,0.11215951603525072,-4.543359010793994,Content / Peaceful
Indie,0.18482280662245204,0.5727941611312084,98.81943265612368,0.61549024908168,0.25545388379925044,0.0,-5.601006453957275,Angry / Intense
Indie,0.34435393101988293,0.47260540729709527,80.04019642398522,0.6535861633708169,0.5441817042338215,0.06054578442813139,-12.582742824067278,Sad / Dark
Indie,0.6676864521002573,0.42006049204588136,111.83963789818941,0.8174452867631438,0.23927271117815407,0.13422099624265005,-6.313723213752148,Content / Peaceful
Indie,0.5202309947184154,0.5623000813831767,126.7749941140056,0.5726328709128649,0.3696163282447878,0.21112831241107424,-11.937981682397835,Happy / Excited
Indie,0.6338624587227678,0.6433513448031327,132.57118418392923,0.6740375313168154,0.3614801209463214,0.0,-8.216877979143458,Happy / Excited
Indie,0.2715850408275802,0.41022111852129045,97.63644587101659,0.4827186169867399,0.2606752612033102,0.0,-5.899334266153133,Sad / Dark
Indie,0.8496579344408788,0.6109355790244433,116.3473687823839,0.5334304325188541,0.29580282639736477,0.06900415838669582,-8.1110242822197,Happy / Excited
Indie,0.29861128252830704,0.7724332583421747,93.23122375722413,0.6261997851833095,0.3597604745364936,0.2500831815065745,-6.977406202255336,Angry / Intense
Indie,0.38521700330701536,0.4828439202348254,120.7183205013557,0.40286511660043195,0.22662609497641764,0.0,-10.768930695122283,Sad / Dark
Indie,0.466903166698881,0.5650262573926782,84.37206549006476,0.523534595634696,0.4926819901644265,0.04370878066237647,-9.9013659373334,Angry / Intense
Indie,0.3758109938913215,0.4388854967534167,108.53884993605497,0.5608588230293818,0.8415376455470902,0.0,-8.954427897984282,Sad / Dark
Indie,0.44069437091245833,0.416896834846256,139.76824446342167,0.2554937552032275,0.27378816592426486,0.14183137363199622,-8.882282925165901,Sad / Dark
Indie,0.3022489874069476,0.5861135131658146,136.31417823714872,0.565276253425807,0.21975592803742333,0.10562033191517434,-9.20614790082437,Angry / Intense
Indie,0.584133638740889,0.7424888327284886,73.0996183976064,0.5533280967834759,0.032853212610474525,0.3041788585329771,-9.40437360138857,Happy / Excited
Indie,0.584347183528567,0.5147024710607656,105.54447754705693,0.4293536343387088,0.6971358346201518,0.15559380601783107,-2.1692477378673107,Happy / Excited
Indie,0.45998160032838586,0.5631879431869,115.19055181820481,0.5055501356261989,0.17162261350452634,0.06840101909243512,-10.36773978465859,Angry / Intense
Indie,0.5295436059895565,0.5455015328470315,125.178276786163,0.7410155927628271,0.3724564100468818,0.13567270028534284,-1.8454716077432565,Happy / Excited
Indie,0.6851910724731085,0.6929754547682268,114.479612120631,0.5675571666681356,0.11634474159401165,0.10989144009644145,-7.176619467158475,Happy / Excited
Indie,0.45420932252811264,0.674079218236429,98.26005319636087,0.7361835421392416,0.5603529375880568,0.05293660203480259,-8.44618876345218,Angry / Intense
Indie,0.536510018744747,0.7481276848095669,121.8289389364202,0.5572837082375072,0.3836236955251743,0.23820241127014727,-9.106649308811072,Happy / Excited
Indie,0.4446886322485672,0.7395153481391492,122.64619500503154,0.6764470632054627,0.19774398861940828,0.03947074783714859,-3.5466978846793147,Angry / Intense
Indie,0.3282588511625618,0.4973051440345439,124.62033415604661,0.4213014578408416,0.2972379762756206,0.07126366818256404,-7.859954797514116,Sad / Dark
Indie,0.6804633637506845,0.751218579224838,104.5904723039836,0.5533522223000987,0.5148496616849532,0.21163474657991974,-5.8445291080486115,Happy / Excited
Indie,0.5023644122866198,0.6199813797973946,132.12783901805267,0.42867428492587584,0.41855975850125376,0.20591609941886915,-8.622070306082014,Happy / Excited
Indie,0.47330039565854,0.4836225325710967,78.35052907907625,0.5424708212681615,0.44035838613057454,0.008750660911909798,-11.463910846654183,Sad / Dark
Indie,0.29149083723930314,0.6346281424203346,155.5054459148443,0.705892000908652,0.11113079903388962,0.1454627310550703,-9.98948712742787,Angry / Intense
Indie,0.34519192874842014,0.4507036603043074,132.70920509739776,0.6551104051738846,0.3603937857440424,0.05189292589919752,-6.607208770292621,Sad / Dark
Indie,0.5522390171143635,0.6964338560137794,96.88130444083443,0.5424032807764836,0.16639512482176447,0.05490577209365969,-8.678525863042283,Happy / Excited
Indie,0.4415850982975136,0.40003856678342026,93.22878372226629,0.2886674967942117,0.3537639691470319,0.016899889416706088,-10.02781299441148,Sad / Dark
Indie,0.688058723309699,0.3910842719807034,145.50301347849845,0.7348612493123109,0.0,0.06923814589989698,-9.199089472507973,Content / Peaceful
Indie,0.0,0.3033038120397379,133.94884992795255,0.7823039103253517,0.5605356285398497,0.09236324725129777,-8.063997144893262,Sad / Dark
Indie,0.7528793246366605,0.842235880293646,109.43683176856464,0.3000016127627651,0.0,0.1921880992159802,-8.141175622323159,Happy / Excited
Indie,0.48298354388256937,0.25140235105649306,106.44259956980761,0.5045423023319061,0.42156767667281414,0.0201407961086241,-11.111978594904027,Sad / Dark
Indie,0.3087779413315459,0.7012484928920849,124.40612315286299,0.6134588168346662,0.20022523782453405,0.0,-9.56931292065349,Angry / Intense
Indie,0.29401730020341066,0.5723518402942119,179.14302684627316,0.6234199221141907,0.9271920318766977,0.11687696953394486,-9.889658712718145,Angry / Intense
Indie,0.512624894061759,0.7870957899216562,152.9321267337823,0.47095951583483053,0.4306367391398598,0.0,-5.525994125925711,Happy / Excited
Indie,0.729603845830061,0.5259699181174025,107.9870870215177,0.5832157141533075,0.4634918062726332,0.06811438318496202,-7.463854626992141,Happy / Excited
Indie,0.4187133269155132,0.6693932392339609,133.2520940129723,0.42202762234270214,0.17788187936828104,0.034562558297343796,-5.789488627684462,Angry / Intense
Indie,0.47665033450034666,0.42352743848160174,124.70733474106494,0.5003027376573274,0.5560972920448263,0.09330584350670473,-8.945834562356431,Sad / Dark
Indie,0.4916733789683631,0.7172572089286302,109.7466586221652,0.5883188377976594,0.3659079319068008,0.10269836838620996,-9.963694824787192,Angry / Intense
Indie,0.4698603779686877,0.6861734923625201,103.13387433757006,0.3804713876009902,0.12170888710260713,0.0,-6.214030136322007,Angry / Intense
Indie,0.19694525654421624,0.4753156982884704,131.12920745959275,0.5899990872658313,0.302888204007503,0.0790923731755106,-7.678564010787295,Sad / Dark
